Time (sec)	AF Correction 1 (%)	AF Learning 1 (%)	AF Sens 1 Ratio (AFR)	AVCS Exh Left (°)	AVCS Exh Right (°)	AVCS In Left (°)	AVCS In Right (°)	Accel Position (%)	Baro Pressure (psi)	Boost (psi)	CL Fuel Target (AFR)	Calculated Load (g/rev)	Comm Fuel Final (AFR)	Coolant Temp (F)	Dyn Adv Mult (DAM)	EGR Commanded (steps)	Ethanol Conc FINAL (%)	Ethanol Conc RAW (%)	Feedback Knock (°)	Fine Knock Learn (°)	Gear Position (gear)	Ign Comp IAT (°)	Ignition Timing (°)	Inj Duty Cycle (%)	Inj Timing H EOI NEW (°)	Inj Timing H SOI NEW (°)	Intake Temp (F)	Intake Temp Manifold (F)	KS Noise Cyl 1 (raw)	KS Noise Cyl 2 (raw)	KS Noise Cyl 3 (raw)	KS Noise Cyl 4 (raw)	MAF Corr Final (g/s)	MAF Freq (kHz)	Oil Temp (F)	RPM (RPM)	Req Torque (Nm)	Roughness Cyl 1 (count)	Roughness Cyl 2 (count)	Roughness Cyl 3 (count)	Roughness Cyl 4 (count)	Sns Fuel Press MONITOR (psi)	TD Prop WG Pos Corr (mm)	TGV Map Ratio (mult)	Target Boost Final Rel (psi)	Throttle Pos (%)	Wastegate Init Pos Final (mm)	Wastegate Pos Actual (mm)	Wastegate Pos Comm (mm)	Wastegate Pos Learn Corr (mm)	AP Info:[COBB AP v1.7.2 | 2022 SUBARU WRX MT | Stage 1 93 Octane Baseline]
0.020	0.30	1.80	14.71	0.0	0.0	30.0	30.0	0.0	14.5	-11.05	14.71	0.45	14.71	170	1.000	0	9.5	9.5	0.00	0.00	0	0.0	15.0	8.2	0.0	0.0	88	93	43	51	41	60	9.1	2500	200	910	0	0	0	0	0	2156	0.0	1.0	0.00	0.0	0.0	0.00	0.00	0.0	AP Info:[COBB AP v1.7.2 | 2022 SUBARU WRX MT | Stage 2 + 30% Ethanol]
0.040	0.30	1.80	14.71	0.0	0.0	30.0	30.0	0.0	14.5	-11.13	14.71	0.45	14.71	170	1.000	0	9.5	9.5	0.00	0.00	0	0.0	15.0	8.2	0.0	0.0	88	93	57	57	40	51	8.9	2500	200	893	0	0	0	0	0	2156	0.0	1.0	0.00	0.0	0.0	0.00	0.00	0.0	AP Info:[COBB AP v1.7.2 | 2022 SUBARU WRX MT | Stage 2 + 30% Ethanol]
0.066	0.30	1.80	14.71	0.0	0.0	30.0	30.0	0.0	14.5	-11.02	14.71	0.45	14.71	170	1.000	0	9.5	9.5	0.00	0.00	0	0.0	15.0	8.2	0.0	0.0	88	93	46	48	51	41	8.9	2500	200	892	0	0	0	0	0	2156	0.0	1.0	0.00	0.0	0.0	0.00	0.00	0.0	AP Info:[COBB AP v1.7.2 | 2022 SUBARU WRX MT | Stage 2 + 30% Ethanol]
0.092	0.30	1.80	14.71	0.0	0.0	30.0	30.0	0.0	14.5	-11.01	14.71	0.45	14.71	170	1.000	0	9.5	9.5	0.00	0.00	0	0.0	15.0	8.2	0.0	0.0	88	93	48	44	50	43	9.0	2500	200	901	0	0	0	0	0	2156	0.0	1.0	0.00	0.0	0.0	0.00	0.00	0.0	AP Info:[COBB AP v1.7.2 | 2022 SUBARU WRX MT | Stage 2 + 30% Ethanol]
0.114	0.30	1.80	14.71	0.0	0.0	30.0	30.0	0.0	14.5	-11.09	14.71	0.45	14.71	170	1.000	0	9.5	9.5	0.00	0.00	0	0.0	15.0	8.2	0.0	0.0	88	93	55	59	43	59	8.9	2500	200	892	0	0	0	0	0	2156	0.0	1.0	0.00	0.0	0.0	0.00	0.00	0.0	AP Info:[COBB AP v1.7.2 | 2022 SUBARU WRX MT | Stage 2 + 30% Ethanol]
0.134	0.30	1.80	14.71	0.0	0.0	30.0	30.0	0.0	14.5	-11.16	14.71	0.45	14.71	170	1.000	0	9.5	9.5	0.00	0.00	0	0.0	15.0	8.2	0.0	0.0	88	93	56	53	47	51	9.1	2500	200	906	0	0	0	0	0	2156	0.0	1.0	0.00	0.0	0.0	0.00	0.00	0.0	AP Info:[COBB AP v1.7.2 | 2022 SUBARU WRX MT | Stage 2 + 30% Ethanol]
0.156	0.30	1.80	14.71	0.0	0.0	30.0	30.0	0.0	14.5	-10.96	14.71	0.45	14.71	170	1.000	0	9.5	9.5	0.00	0.00	0	0.0	15.0	8.2	0.0	0.0	88	93	49	50	58	54	8.9	2500	200	893	0	0	0	0	0	2156	0.0	1.0	0.00	0.0	0.0	0.00	0.00	0.0	AP Info:[COBB AP v1.7.2 | 2022 SUBARU WRX MT | Stage 2 + 30% Ethanol]
0.182	0.30	1.80	14.71	0.0	0.0	30.0	30.0	0.0	14.5	-10.90	14.71	0.45	14.71	170	1.000	0	9.5	9.5	0.00	0.00	0	0.0	15.0	8.2	0.0	0.0	88	93	51	48	60	58	9.0	2500	200	897	0	0	0	0	0	2156	0.0	1.0	0.00	0.0	0.0	0.00	0.00	0.0	AP Info:[COBB AP v1.7.2 | 2022 SUBARU WRX MT | Stage 2 + 30% Ethanol]
0.204	0.30	1.80	14.71	0.0	0.0	30.0	30.0	0.0	14.5	-10.88	14.71	0.45	14.71	170	1.000	0	9.5	9.5	0.00	0.00	0	0.0	15.0	8.2	0.0	0.0	88	93	57	46	54	59	8.9	2500	200	890	0	0	0	0	0	2156	0.0	1.0	0.00	0.0	0.0	0.00	0.00	0.0	AP Info:[COBB AP v1.7.2 | 2022 SUBARU WRX MT | Stage 2 + 30% Ethanol]
0.228	0.30	1.80	14.71	0.0	0.0	30.0	30.0	0.0	14.5	-11.12	14.71	0.45	14.71	170	1.000	0	9.5	9.5	0.00	0.00	0	0.0	15.0	8.2	0.0	0.0	88	93	57	46	50	40	9.1	2500	200	905	0	0	0	0	0	2156	0.0	1.0	0.00	0.0	0.0	0.00	0.00	0.0	AP Info:[COBB AP v1.7.2 | 2022 SUBARU WRX MT | Stage 2 + 30% Ethanol]
0.254	0.30	1.80	14.71	0.0	0.0	30.0	30.0	0.0	14.5	-11.02	14.71	0.45	14.71	170	1.000	0	9.5	9.5	0.00	0.00	0	0.0	15.0	8.2	0.0	0.0	88	93	53	46	41	59	9.0	2500	200	899	0	0	0	0	0	2156	0.0	1.0	0.00	0.0	0.0	0.00	0.00	0.0	AP Info:[COBB AP v1.7.2 | 2022 SUBARU WRX MT | Stage 2 + 30% Ethanol]
0.280	0.30	1.80	14.71	0.0	0.0	30.0	30.0	0.0	14.5	-10.96	14.71	0.45	14.71	170	1.000	0	9.5	9.5	0.00	0.00	0	0.0	15.0	8.2	0.0	0.0	88	93	52	50	45	55	9.0	2500	200	895	0	0	0	0	0	2156	0.0	1.0	0.00	0.0	0.0	0.00	0.00	0.0	AP Info:[COBB AP v1.7.2 | 2022 SUBARU WRX MT | Stage 2 + 30% Ethanol]
0.300	0.30	1.80	14.71	0.0	0.0	30.0	30.0	0.0	14.5	-10.98	14.71	0.45	14.71	170	1.000	0	9.5	9.5	0.00	0.00	0	0.0	15.0	8.2	0.0	0.0	88	93	50	47	55	50	9.0	2500	200	895	0	0	0	0	0	2156	0.0	1.0	0.00	0.0	0.0	0.00	0.00	0.0	AP Info:[COBB AP v1.7.2 | 2022 SUBARU WRX MT | Stage 2 + 30% Ethanol]
0.320	0.30	1.80	14.71	0.0	0.0	30.0	30.0	0.0	14.5	-10.87	14.71	0.45	14.71	170	1.000	0	9.5	9.5	0.00	0.00	0	0.0	15.0	8.2	0.0	0.0	88	93	48	59	41	59	9.0	2500	200	898	0	0	0	0	0	2156	0.0	1.0	0.00	0.0	0.0	0.00	0.00	0.0	AP Info:[COBB AP v1.7.2 | 2022 SUBARU WRX MT | Stage 2 + 30% Ethanol]
0.346	0.30	1.80	14.71	0.0	0.0	30.0	30.0	0.0	14.5	-10.93	14.71	0.45	14.71	170	1.000	0	9.5	9.5	0.00	0.00	0	0.0	15.0	8.2	0.0	0.0	88	93	44	43	43	40	8.9	2500	200	892	0	0	0	0	0	2156	0.0	1.0	0.00	0.0	0.0	0.00	0.00	0.0	AP Info:[COBB AP v1.7.2 | 2022 SUBARU WRX MT | Stage 2 + 30% Ethanol]
0.368	0.30	1.80	14.71	0.0	0.0	30.0	30.0	0.0	14.5	-10.86	14.71	0.45	14.71	170	1.000	0	9.5	9.5	0.00	0.00	0	0.0	15.0	8.2	0.0	0.0	88	93	41	60	53	60	9.1	2500	200	907	0	0	0	0	0	2156	0.0	1.0	0.00	0.0	0.0	0.00	0.00	0.0	AP Info:[COBB AP v1.7.2 | 2022 SUBARU WRX MT | Stage 2 + 30% Ethanol]
0.394	0.30	1.80	14.71	0.0	0.0	30.0	30.0	0.0	14.5	-10.82	14.71	0.45	14.71	170	1.000	0	9.5	9.5	0.00	0.00	0	0.0	15.0	8.2	0.0	0.0	88	93	41	46	54	48	9.0	2500	200	897	0	0	0	0	0	2156	0.0	1.0	0.00	0.0	0.0	0.00	0.00	0.0	AP Info:[COBB AP v1.7.2 | 2022 SUBARU WRX MT | Stage 2 + 30% Ethanol]
0.416	0.30	1.80	14.71	0.0	0.0	30.0	30.0	0.0	14.5	-10.83	14.71	0.45	14.71	170	1.000	0	9.5	9.5	0.00	0.00	0	0.0	15.0	8.2	0.0	0.0	88	93	42	48	60	58	9.0	2500	200	896	0	0	0	0	0	2156	0.0	1.0	0.00	0.0	0.0	0.00	0.00	0.0	AP Info:[COBB AP v1.7.2 | 2022 SUBARU WRX MT | Stage 2 + 30% Ethanol]
0.442	0.30	1.80	14.71	0.0	0.0	30.0	30.0	0.0	14.5	-11.05	14.71	0.45	14.71	170	1.000	0	9.5	9.5	0.00	0.00	0	0.0	15.0	8.2	0.0	0.0	88	93	46	42	50	46	9.1	2500	200	909	0	0	0	0	0	2156	0.0	1.0	0.00	0.0	0.0	0.00	0.00	0.0	AP Info:[COBB AP v1.7.2 | 2022 SUBARU WRX MT | Stage 2 + 30% Ethanol]
0.462	0.30	1.80	14.71	0.0	0.0	30.0	30.0	0.0	14.5	-11.09	14.71	0.45	14.71	170	1.000	0	9.5	9.5	0.00	0.00	0	0.0	15.0	8.2	0.0	0.0	88	93	60	60	42	48	9.0	2500	200	899	0	0	0	0	0	2156	0.0	1.0	0.00	0.0	0.0	0.00	0.00	0.0	AP Info:[COBB AP v1.7.2 | 2022 SUBARU WRX MT | Stage 2 + 30% Ethanol]
0.482	0.30	1.80	14.71	0.0	0.0	30.0	30.0	0.0	14.5	-10.98	14.71	0.45	14.71	170	1.000	0	9.5	9.5	0.00	0.00	0	0.0	15.0	8.2	0.0	0.0	88	93	50	49	54	46	9.0	2500	200	902	0	0	0	0	0	2156	0.0	1.0	0.00	0.0	0.0	0.00	0.00	0.0	AP Info:[COBB AP v1.7.2 | 2022 SUBARU WRX MT | Stage 2 + 30% Ethanol]
0.508	0.30	1.80	14.71	0.0	0.0	30.0	30.0	0.0	14.5	-11.17	14.71	0.45	14.71	170	1.000	0	9.5	9.5	0.00	0.00	0	0.0	15.0	8.2	0.0	0.0	88	93	51	60	49	55	9.0	2500	200	897	0	0	0	0	0	2156	0.0	1.0	0.00	0.0	0.0	0.00	0.00	0.0	AP Info:[COBB AP v1.7.2 | 2022 SUBARU WRX MT | Stage 2 + 30% Ethanol]
0.534	0.30	1.80	14.71	0.0	0.0	30.0	30.0	0.0	14.5	-10.97	14.71	0.45	14.71	170	1.000	0	9.5	9.5	0.00	0.00	0	0.0	15.0	8.2	0.0	0.0	88	93	59	43	59	45	9.1	2500	200	909	0	0	0	0	0	2156	0.0	1.0	0.00	0.0	0.0	0.00	0.00	0.0	AP Info:[COBB AP v1.7.2 | 2022 SUBARU WRX MT | Stage 2 + 30% Ethanol]
0.560	0.30	1.80	14.71	0.0	0.0	30.0	30.0	0.0	14.5	-11.12	14.71	0.45	14.71	170	1.000	0	9.5	9.5	0.00	0.00	0	0.0	15.0	8.2	0.0	0.0	88	93	52	49	48	59	9.1	2500	200	905	0	0	0	0	0	2156	0.0	1.0	0.00	0.0	0.0	0.00	0.00	0.0	AP Info:[COBB AP v1.7.2 | 2022 SUBARU WRX MT | Stage 2 + 30% Ethanol]
0.582	0.30	1.80	14.71	0.0	0.0	30.0	30.0	0.0	14.5	-10.81	14.71	0.45	14.71	170	1.000	0	9.5	9.5	0.00	0.00	0	0.0	15.0	8.2	0.0	0.0	88	93	40	41	51	49	8.9	2500	200	893	0	0	0	0	0	2156	0.0	1.0	0.00	0.0	0.0	0.00	0.00	0.0	AP Info:[COBB AP v1.7.2 | 2022 SUBARU WRX MT | Stage 2 + 30% Ethanol]
0.604	0.30	1.80	14.71	0.0	0.0	30.0	30.0	0.0	14.5	-10.85	14.71	0.45	14.71	170	1.000	0	9.5	9.5	0.00	0.00	0	0.0	15.0	8.2	0.0	0.0	88	93	56	47	56	53	9.0	2500	200	904	0	0	0	0	0	2156	0.0	1.0	0.00	0.0	0.0	0.00	0.00	0.0	AP Info:[COBB AP v1.7.2 | 2022 SUBARU WRX MT | Stage 2 + 30% Ethanol]
0.630	0.30	1.80	14.71	0.0	0.0	30.0	30.0	0.0	14.5	-11.16	14.71	0.45	14.71	170	1.000	0	9.5	9.5	0.00	0.00	0	0.0	15.0	8.2	0.0	0.0	88	93	47	60	52	48	9.0	2500	200	896	0	0	0	0	0	2156	0.0	1.0	0.00	0.0	0.0	0.00	0.00	0.0	AP Info:[COBB AP v1.7.2 | 2022 SUBARU WRX MT | Stage 2 + 30% Ethanol]
0.652	0.30	1.80	14.71	0.0	0.0	30.0	30.0	0.0	14.5	-10.93	14.71	0.45	14.71	170	1.000	0	9.5	9.5	0.00	0.00	0	0.0	15.0	8.2	0.0	0.0	88	93	52	57	41	42	9.1	2500	200	906	0	0	0	0	0	2156	0.0	1.0	0.00	0.0	0.0	0.00	0.00	0.0	AP Info:[COBB AP v1.7.2 | 2022 SUBARU WRX MT | Stage 2 + 30% Ethanol]
0.674	0.30	1.80	14.71	0.0	0.0	30.0	30.0	0.0	14.5	-10.87	14.71	0.45	14.71	170	1.000	0	9.5	9.5	0.00	0.00	0	0.0	15.0	8.2	0.0	0.0	88	93	60	43	56	59	9.1	2500	200	908	0	0	0	0	0	2156	0.0	1.0	0.00	0.0	0.0	0.00	0.00	0.0	AP Info:[COBB AP v1.7.2 | 2022 SUBARU WRX MT | Stage 2 + 30% Ethanol]
0.696	0.30	1.80	14.71	0.0	0.0	30.0	30.0	0.0	14.5	-11.13	14.71	0.45	14.71	170	1.000	0	9.5	9.5	0.00	0.00	0	0.0	15.0	8.2	0.0	0.0	88	93	48	58	44	50	9.0	2500	200	900	0	0	0	0	0	2156	0.0	1.0	0.00	0.0	0.0	0.00	0.00	0.0	AP Info:[COBB AP v1.7.2 | 2022 SUBARU WRX MT | Stage 2 + 30% Ethanol]
0.722	0.30	1.80	14.71	0.0	0.0	30.0	30.0	0.0	14.5	-10.96	14.71	0.45	14.71	170	1.000	0	9.5	9.5	0.00	0.00	0	0.0	15.0	8.2	0.0	0.0	88	93	58	47	58	41	9.0	2500	200	896	0	0	0	0	0	2156	0.0	1.0	0.00	0.0	0.0	0.00	0.00	0.0	AP Info:[COBB AP v1.7.2 | 2022 SUBARU WRX MT | Stage 2 + 30% Ethanol]
0.746	0.30	1.80	14.71	0.0	0.0	30.0	30.0	0.0	14.5	-11.06	14.71	0.45	14.71	170	1.000	0	9.5	9.5	0.00	0.00	0	0.0	15.0	8.2	0.0	0.0	88	93	42	58	42	46	9.1	2500	200	910	0	0	0	0	0	2156	0.0	1.0	0.00	0.0	0.0	0.00	0.00	0.0	AP Info:[COBB AP v1.7.2 | 2022 SUBARU WRX MT | Stage 2 + 30% Ethanol]
0.768	0.30	1.80	14.71	0.0	0.0	30.0	30.0	0.0	14.5	-10.96	14.71	0.45	14.71	170	1.000	0	9.5	9.5	0.00	0.00	0	0.0	15.0	8.2	0.0	0.0	88	93	45	45	52	47	8.9	2500	200	892	0	0	0	0	0	2156	0.0	1.0	0.00	0.0	0.0	0.00	0.00	0.0	AP Info:[COBB AP v1.7.2 | 2022 SUBARU WRX MT | Stage 2 + 30% Ethanol]
0.794	0.30	1.80	14.71	0.0	0.0	30.0	30.0	0.0	14.5	-10.91	14.71	0.45	14.71	170	1.000	0	9.5	9.5	0.00	0.00	0	0.0	15.0	8.2	0.0	0.0	88	93	51	47	58	43	9.1	2500	200	905	0	0	0	0	0	2156	0.0	1.0	0.00	0.0	0.0	0.00	0.00	0.0	AP Info:[COBB AP v1.7.2 | 2022 SUBARU WRX MT | Stage 2 + 30% Ethanol]
0.820	0.30	1.80	14.71	0.0	0.0	30.0	30.0	0.0	14.5	-10.82	14.71	0.45	14.71	170	1.000	0	9.5	9.5	0.00	0.00	0	0.0	15.0	8.2	0.0	0.0	88	93	42	41	50	57	9.1	2500	200	905	0	0	0	0	0	2156	0.0	1.0	0.00	0.0	0.0	0.00	0.00	0.0	AP Info:[COBB AP v1.7.2 | 2022 SUBARU WRX MT | Stage 2 + 30% Ethanol]
0.846	0.30	1.80	14.71	0.0	0.0	30.0	30.0	0.0	14.5	-11.06	14.71	0.45	14.71	170	1.000	0	9.5	9.5	0.00	0.00	0	0.0	15.0	8.2	0.0	0.0	88	93	46	58	57	53	9.0	2500	200	904	0	0	0	0	0	2156	0.0	1.0	0.00	0.0	0.0	0.00	0.00	0.0	AP Info:[COBB AP v1.7.2 | 2022 SUBARU WRX MT | Stage 2 + 30% Ethanol]
0.868	0.30	1.80	14.71	0.0	0.0	30.0	30.0	0.0	14.5	-11.12	14.71	0.45	14.71	170	1.000	0	9.5	9.5	0.00	0.00	0	0.0	15.0	8.2	0.0	0.0	88	93	55	47	48	44	9.0	2500	200	899	0	0	0	0	0	2156	0.0	1.0	0.00	0.0	0.0	0.00	0.00	0.0	AP Info:[COBB AP v1.7.2 | 2022 SUBARU WRX MT | Stage 2 + 30% Ethanol]
0.894	0.30	1.80	14.71	0.0	0.0	30.0	30.0	0.0	14.5	-11.08	14.71	0.45	14.71	170	1.000	0	9.5	9.5	0.00	0.00	0	0.0	15.0	8.2	0.0	0.0	88	93	42	41	49	50	9.0	2500	200	898	0	0	0	0	0	2156	0.0	1.0	0.00	0.0	0.0	0.00	0.00	0.0	AP Info:[COBB AP v1.7.2 | 2022 SUBARU WRX MT | Stage 2 + 30% Ethanol]
0.916	0.30	1.80	14.71	0.0	0.0	30.0	30.0	0.0	14.5	-11.17	14.71	0.45	14.71	170	1.000	0	9.5	9.5	0.00	0.00	0	0.0	15.0	8.2	0.0	0.0	88	93	41	45	56	48	8.9	2500	200	891	0	0	0	0	0	2156	0.0	1.0	0.00	0.0	0.0	0.00	0.00	0.0	AP Info:[COBB AP v1.7.2 | 2022 SUBARU WRX MT | Stage 2 + 30% Ethanol]
0.940	0.30	1.80	14.71	0.0	0.0	30.0	30.0	0.0	14.5	-10.91	14.71	0.45	14.71	170	1.000	0	9.5	9.5	0.00	0.00	0	0.0	15.0	8.2	0.0	0.0	88	93	45	60	48	52	9.0	2500	200	902	0	0	0	0	0	2156	0.0	1.0	0.00	0.0	0.0	0.00	0.00	0.0	AP Info:[COBB AP v1.7.2 | 2022 SUBARU WRX MT | Stage 2 + 30% Ethanol]
0.962	0.30	1.80	14.71	0.0	0.0	30.0	30.0	0.0	14.5	-10.91	14.71	0.45	14.71	170	1.000	0	9.5	9.5	0.00	0.00	0	0.0	15.0	8.2	0.0	0.0	88	93	54	42	59	57	9.0	2500	200	902	0	0	0	0	0	2156	0.0	1.0	0.00	0.0	0.0	0.00	0.00	0.0	AP Info:[COBB AP v1.7.2 | 2022 SUBARU WRX MT | Stage 2 + 30% Ethanol]
0.986	0.30	1.80	14.71	0.0	0.0	30.0	30.0	0.0	14.5	-10.97	14.71	0.45	14.71	170	1.000	0	9.5	9.5	0.00	0.00	0	0.0	15.0	8.2	0.0	0.0	88	93	57	52	55	47	9.1	2500	200	907	0	0	0	0	0	2156	0.0	1.0	0.00	0.0	0.0	0.00	0.00	0.0	AP Info:[COBB AP v1.7.2 | 2022 SUBARU WRX MT | Stage 2 + 30% Ethanol]
1.012	0.30	1.80	14.71	0.0	0.0	30.0	30.0	0.0	14.5	-10.81	14.71	0.45	14.71	170	1.000	0	9.5	9.5	0.00	0.00	0	0.0	15.0	8.2	0.0	0.0	88	93	55	50	52	60	9.0	2500	200	899	0	0	0	0	0	2156	0.0	1.0	0.00	0.0	0.0	0.00	0.00	0.0	AP Info:[COBB AP v1.7.2 | 2022 SUBARU WRX MT | Stage 2 + 30% Ethanol]
1.036	0.30	1.80	14.71	0.0	0.0	30.0	30.0	0.0	14.5	-11.08	14.71	0.45	14.71	170	1.000	0	9.5	9.5	0.00	0.00	0	0.0	15.0	8.2	0.0	0.0	88	93	49	57	59	54	9.0	2500	200	899	0	0	0	0	0	2156	0.0	1.0	0.00	0.0	0.0	0.00	0.00	0.0	AP Info:[COBB AP v1.7.2 | 2022 SUBARU WRX MT | Stage 2 + 30% Ethanol]
1.056	0.30	1.80	14.71	0.0	0.0	30.0	30.0	0.0	14.5	-11.07	14.71	0.45	14.71	170	1.000	0	9.5	9.5	0.00	0.00	0	0.0	15.0	8.2	0.0	0.0	88	93	52	50	44	57	9.0	2500	200	904	0	0	0	0	0	2156	0.0	1.0	0.00	0.0	0.0	0.00	0.00	0.0	AP Info:[COBB AP v1.7.2 | 2022 SUBARU WRX MT | Stage 2 + 30% Ethanol]
1.076	0.30	1.80	14.71	0.0	0.0	30.0	30.0	0.0	14.5	-11.07	14.71	0.45	14.71	170	1.000	0	9.5	9.5	0.00	0.00	0	0.0	15.0	8.2	0.0	0.0	88	93	47	59	48	40	9.0	2500	200	899	0	0	0	0	0	2156	0.0	1.0	0.00	0.0	0.0	0.00	0.00	0.0	AP Info:[COBB AP v1.7.2 | 2022 SUBARU WRX MT | Stage 2 + 30% Ethanol]
1.096	0.30	1.80	14.71	0.0	0.0	30.0	30.0	0.0	14.5	-11.01	14.71	0.45	14.71	170	1.000	0	9.5	9.5	0.00	0.00	0	0.0	15.0	8.2	0.0	0.0	88	93	48	58	50	48	9.0	2500	200	898	0	0	0	0	0	2156	0.0	1.0	0.00	0.0	0.0	0.00	0.00	0.0	AP Info:[COBB AP v1.7.2 | 2022 SUBARU WRX MT | Stage 2 + 30% Ethanol]
1.122	0.30	1.80	14.71	0.0	0.0	30.0	30.0	0.0	14.5	-11.03	14.71	0.45	14.71	170	1.000	0	9.5	9.5	0.00	0.00	0	0.0	15.0	8.2	0.0	0.0	88	93	48	49	54	44	9.1	2500	200	907	0	0	0	0	0	2156	0.0	1.0	0.00	0.0	0.0	0.00	0.00	0.0	AP Info:[COBB AP v1.7.2 | 2022 SUBARU WRX MT | Stage 2 + 30% Ethanol]
1.142	0.30	1.80	14.71	0.0	0.0	30.0	30.0	0.0	14.5	-11.11	14.71	0.45	14.71	170	1.000	0	9.5	9.5	0.00	0.00	0	0.0	15.0	8.2	0.0	0.0	88	93	43	42	54	59	9.1	2500	200	907	0	0	0	0	0	2156	0.0	1.0	0.00	0.0	0.0	0.00	0.00	0.0	AP Info:[COBB AP v1.7.2 | 2022 SUBARU WRX MT | Stage 2 + 30% Ethanol]
1.168	0.30	1.80	14.71	0.0	0.0	30.0	30.0	0.0	14.5	-10.95	14.71	0.45	14.71	170	1.000	0	9.5	9.5	0.00	0.00	0	0.0	15.0	8.2	0.0	0.0	88	93	55	58	44	55	9.0	2500	200	898	0	0	0	0	0	2156	0.0	1.0	0.00	0.0	0.0	0.00	0.00	0.0	AP Info:[COBB AP v1.7.2 | 2022 SUBARU WRX MT | Stage 2 + 30% Ethanol]
1.194	0.30	1.80	14.71	0.0	0.0	30.0	30.0	0.0	14.5	-11.16	14.71	0.45	14.71	170	1.000	0	9.5	9.5	0.00	0.00	0	0.0	15.0	8.2	0.0	0.0	88	93	57	59	43	47	9.1	2500	200	905	0	0	0	0	0	2156	0.0	1.0	0.00	0.0	0.0	0.00	0.00	0.0	AP Info:[COBB AP v1.7.2 | 2022 SUBARU WRX MT | Stage 2 + 30% Ethanol]
1.214	0.30	1.80	14.71	0.0	0.0	30.0	30.0	0.0	14.5	-10.84	14.71	0.45	14.71	170	1.000	0	9.5	9.5	0.00	0.00	0	0.0	15.0	8.2	0.0	0.0	88	93	40	49	50	46	8.9	2500	200	890	0	0	0	0	0	2156	0.0	1.0	0.00	0.0	0.0	0.00	0.00	0.0	AP Info:[COBB AP v1.7.2 | 2022 SUBARU WRX MT | Stage 2 + 30% Ethanol]
1.240	0.30	1.80	14.71	0.0	0.0	30.0	30.0	0.0	14.5	-11.11	14.71	0.45	14.71	170	1.000	0	9.5	9.5	0.00	0.00	0	0.0	15.0	8.2	0.0	0.0	88	93	53	40	59	53	9.1	2500	200	910	0	0	0	0	0	2156	0.0	1.0	0.00	0.0	0.0	0.00	0.00	0.0	AP Info:[COBB AP v1.7.2 | 2022 SUBARU WRX MT | Stage 2 + 30% Ethanol]
1.262	0.30	1.80	14.71	0.0	0.0	30.0	30.0	0.0	14.5	-11.15	14.71	0.45	14.71	170	1.000	0	9.5	9.5	0.00	0.00	0	0.0	15.0	8.2	0.0	0.0	88	93	48	47	53	47	9.1	2500	200	909	0	0	0	0	0	2156	0.0	1.0	0.00	0.0	0.0	0.00	0.00	0.0	AP Info:[COBB AP v1.7.2 | 2022 SUBARU WRX MT | Stage 2 + 30% Ethanol]
1.286	0.30	1.80	14.71	0.0	0.0	30.0	30.0	0.0	14.5	-11.17	14.71	0.45	14.71	170	1.000	0	9.5	9.5	0.00	0.00	0	0.0	15.0	8.2	0.0	0.0	88	93	45	41	53	42	9.0	2500	200	902	0	0	0	0	0	2156	0.0	1.0	0.00	0.0	0.0	0.00	0.00	0.0	AP Info:[COBB AP v1.7.2 | 2022 SUBARU WRX MT | Stage 2 + 30% Ethanol]
1.308	0.30	1.80	14.71	0.0	0.0	30.0	30.0	0.0	14.5	-11.19	14.71	0.45	14.71	170	1.000	0	9.5	9.5	0.00	0.00	0	0.0	15.0	8.2	0.0	0.0	88	93	58	55	53	56	9.1	2500	200	907	0	0	0	0	0	2156	0.0	1.0	0.00	0.0	0.0	0.00	0.00	0.0	AP Info:[COBB AP v1.7.2 | 2022 SUBARU WRX MT | Stage 2 + 30% Ethanol]
1.330	0.30	1.80	14.71	0.0	0.0	30.0	30.0	0.0	14.5	-11.00	14.71	0.45	14.71	170	1.000	0	9.5	9.5	0.00	0.00	0	0.0	15.0	8.2	0.0	0.0	88	93	47	53	44	48	8.9	2500	200	892	0	0	0	0	0	2156	0.0	1.0	0.00	0.0	0.0	0.00	0.00	0.0	AP Info:[COBB AP v1.7.2 | 2022 SUBARU WRX MT | Stage 2 + 30% Ethanol]
1.354	0.30	1.80	14.71	0.0	0.0	30.0	30.0	0.0	14.5	-10.93	14.71	0.45	14.71	170	1.000	0	9.5	9.5	0.00	0.00	0	0.0	15.0	8.2	0.0	0.0	88	93	58	40	51	47	9.0	2500	200	895	0	0	0	0	0	2156	0.0	1.0	0.00	0.0	0.0	0.00	0.00	0.0	AP Info:[COBB AP v1.7.2 | 2022 SUBARU WRX MT | Stage 2 + 30% Ethanol]
1.374	0.30	1.80	14.71	0.0	0.0	30.0	30.0	0.0	14.5	-11.18	14.71	0.45	14.71	170	1.000	0	9.5	9.5	0.00	0.00	0	0.0	15.0	8.2	0.0	0.0	88	93	44	55	44	40	9.0	2500	200	904	0	0	0	0	0	2156	0.0	1.0	0.00	0.0	0.0	0.00	0.00	0.0	AP Info:[COBB AP v1.7.2 | 2022 SUBARU WRX MT | Stage 2 + 30% Ethanol]
1.396	0.30	1.80	14.71	0.0	0.0	30.0	30.0	0.0	14.5	-10.86	14.71	0.45	14.71	170	1.000	0	9.5	9.5	0.00	0.00	0	0.0	15.0	8.2	0.0	0.0	88	93	44	53	59	46	9.1	2500	200	909	0	0	0	0	0	2156	0.0	1.0	0.00	0.0	0.0	0.00	0.00	0.0	AP Info:[COBB AP v1.7.2 | 2022 SUBARU WRX MT | Stage 2 + 30% Ethanol]
1.420	0.30	1.80	14.71	0.0	0.0	15.0	15.0	25.0	14.5	-3.00	14.71	1.10	14.71	170	1.000	0	9.5	9.5	0.00	0.00	2	0.0	15.0	15.0	0.0	0.0	88	93	80	77	77	79	20.0	2500	200	2000	75	0	0	0	0	2156	0.0	1.0	0.00	25.0	0.0	2.00	2.00	0.0	AP Info:[COBB AP v1.7.2 | 2022 SUBARU WRX MT | Stage 2 + 30% Ethanol]
1.442	0.30	1.80	14.71	0.0	0.0	15.0	15.0	25.0	14.5	-3.00	14.71	1.10	14.71	170	1.000	0	9.5	9.5	0.00	0.00	2	0.0	15.0	15.0	0.0	0.0	88	93	84	89	84	80	20.1	2500	200	2012	75	0	0	0	0	2156	0.0	1.0	0.00	25.0	0.0	2.00	2.00	0.0	AP Info:[COBB AP v1.7.2 | 2022 SUBARU WRX MT | Stage 2 + 30% Ethanol]
1.462	0.30	1.80	14.71	0.0	0.0	15.0	15.0	25.0	14.5	-3.00	14.71	1.10	14.71	170	1.000	0	9.5	9.5	0.00	0.00	2	0.0	15.0	15.0	0.0	0.0	88	93	87	73	88	87	20.2	2500	200	2025	75	0	0	0	0	2156	0.0	1.0	0.00	25.0	0.0	2.00	2.00	0.0	AP Info:[COBB AP v1.7.2 | 2022 SUBARU WRX MT | Stage 2 + 30% Ethanol]
1.482	0.30	1.80	14.71	0.0	0.0	15.0	15.0	25.0	14.5	-3.00	14.71	1.10	14.71	170	1.000	0	9.5	9.5	0.00	0.00	2	0.0	15.0	15.0	0.0	0.0	88	93	77	90	79	85	20.4	2500	200	2038	75	0	0	0	0	2156	0.0	1.0	0.00	25.0	0.0	2.00	2.00	0.0	AP Info:[COBB AP v1.7.2 | 2022 SUBARU WRX MT | Stage 2 + 30% Ethanol]
1.508	0.30	1.80	14.71	0.0	0.0	15.0	15.0	25.0	14.5	-3.00	14.71	1.10	14.71	170	1.000	0	9.5	9.5	0.00	0.00	2	0.0	15.0	15.0	0.0	0.0	88	93	86	89	71	90	20.5	2500	200	2050	75	0	0	0	0	2156	0.0	1.0	0.00	25.0	0.0	2.00	2.00	0.0	AP Info:[COBB AP v1.7.2 | 2022 SUBARU WRX MT | Stage 2 + 30% Ethanol]
1.528	0.30	1.80	14.71	0.0	0.0	15.0	15.0	25.0	14.5	-3.00	14.71	1.10	14.71	170	1.000	0	9.5	9.5	0.00	0.00	2	0.0	15.0	15.0	0.0	0.0	88	93	89	80	87	74	20.6	2500	200	2062	75	0	0	0	0	2156	0.0	1.0	0.00	25.0	0.0	2.00	2.00	0.0	AP Info:[COBB AP v1.7.2 | 2022 SUBARU WRX MT | Stage 2 + 30% Ethanol]
1.554	0.30	1.80	14.71	0.0	0.0	15.0	15.0	25.0	14.5	-3.00	14.71	1.10	14.71	170	1.000	0	9.5	9.5	0.00	0.00	2	0.0	15.0	15.0	0.0	0.0	88	93	80	74	84	82	20.8	2500	200	2075	75	0	0	0	0	2156	0.0	1.0	0.00	25.0	0.0	2.00	2.00	0.0	AP Info:[COBB AP v1.7.2 | 2022 SUBARU WRX MT | Stage 2 + 30% Ethanol]
1.578	0.30	1.80	14.71	0.0	0.0	15.0	15.0	25.0	14.5	-3.00	14.71	1.10	14.71	170	1.000	0	9.5	9.5	0.00	0.00	2	0.0	15.0	15.0	0.0	0.0	88	93	70	90	89	79	20.9	2500	200	2088	75	0	0	0	0	2156	0.0	1.0	0.00	25.0	0.0	2.00	2.00	0.0	AP Info:[COBB AP v1.7.2 | 2022 SUBARU WRX MT | Stage 2 + 30% Ethanol]
1.600	0.30	1.80	14.71	0.0	0.0	15.0	15.0	25.0	14.5	-3.00	14.71	1.10	14.71	170	1.000	0	9.5	9.5	0.00	0.00	2	0.0	15.0	15.0	0.0	0.0	88	93	86	81	89	88	21.0	2500	200	2100	75	0	0	0	0	2156	0.0	1.0	0.00	25.0	0.0	2.00	2.00	0.0	AP Info:[COBB AP v1.7.2 | 2022 SUBARU WRX MT | Stage 2 + 30% Ethanol]
1.624	0.30	1.80	14.71	0.0	0.0	15.0	15.0	25.0	14.5	-3.00	14.71	1.10	14.71	170	1.000	0	9.5	9.5	0.00	0.00	2	0.0	15.0	15.0	0.0	0.0	88	93	75	86	71	76	21.1	2500	200	2112	75	0	0	0	0	2156	0.0	1.0	0.00	25.0	0.0	2.00	2.00	0.0	AP Info:[COBB AP v1.7.2 | 2022 SUBARU WRX MT | Stage 2 + 30% Ethanol]
1.646	0.30	1.80	14.71	0.0	0.0	15.0	15.0	25.0	14.5	-3.00	14.71	1.10	14.71	170	1.000	0	9.5	9.5	0.00	0.00	2	0.0	15.0	15.0	0.0	0.0	88	93	88	70	79	80	21.2	2500	200	2125	75	0	0	0	0	2156	0.0	1.0	0.00	25.0	0.0	2.00	2.00	0.0	AP Info:[COBB AP v1.7.2 | 2022 SUBARU WRX MT | Stage 2 + 30% Ethanol]
1.668	0.30	1.80	14.71	0.0	0.0	15.0	15.0	25.0	14.5	-3.00	14.71	1.10	14.71	170	1.000	0	9.5	9.5	0.00	0.00	2	0.0	15.0	15.0	0.0	0.0	88	93	77	87	86	78	21.4	2500	200	2138	75	0	0	0	0	2156	0.0	1.0	0.00	25.0	0.0	2.00	2.00	0.0	AP Info:[COBB AP v1.7.2 | 2022 SUBARU WRX MT | Stage 2 + 30% Ethanol]
1.694	0.30	1.80	14.71	0.0	0.0	15.0	15.0	25.0	14.5	-3.00	14.71	1.10	14.71	170	1.000	0	9.5	9.5	0.00	0.00	2	0.0	15.0	15.0	0.0	0.0	88	93	85	77	79	80	21.5	2500	200	2150	75	0	0	0	0	2156	0.0	1.0	0.00	25.0	0.0	2.00	2.00	0.0	AP Info:[COBB AP v1.7.2 | 2022 SUBARU WRX MT | Stage 2 + 30% Ethanol]
1.716	0.30	1.80	14.71	0.0	0.0	15.0	15.0	25.0	14.5	-3.00	14.71	1.10	14.71	170	1.000	0	9.5	9.5	0.00	0.00	2	0.0	15.0	15.0	0.0	0.0	88	93	76	82	87	71	21.6	2500	200	2162	75	0	0	0	0	2156	0.0	1.0	0.00	25.0	0.0	2.00	2.00	0.0	AP Info:[COBB AP v1.7.2 | 2022 SUBARU WRX MT | Stage 2 + 30% Ethanol]
1.740	0.30	1.80	14.71	0.0	0.0	15.0	15.0	25.0	14.5	-3.00	14.71	1.10	14.71	170	1.000	0	9.5	9.5	0.00	0.00	2	0.0	15.0	15.0	0.0	0.0	88	93	79	75	75	73	21.8	2500	200	2175	75	0	0	0	0	2156	0.0	1.0	0.00	25.0	0.0	2.00	2.00	0.0	AP Info:[COBB AP v1.7.2 | 2022 SUBARU WRX MT | Stage 2 + 30% Ethanol]
1.762	0.30	1.80	14.71	0.0	0.0	15.0	15.0	25.0	14.5	-3.00	14.71	1.10	14.71	170	1.000	0	9.5	9.5	0.00	0.00	2	0.0	15.0	15.0	0.0	0.0	88	93	76	72	90	76	21.9	2500	200	2188	75	0	0	0	0	2156	0.0	1.0	0.00	25.0	0.0	2.00	2.00	0.0	AP Info:[COBB AP v1.7.2 | 2022 SUBARU WRX MT | Stage 2 + 30% Ethanol]
1.788	0.30	1.80	14.71	0.0	0.0	15.0	15.0	25.0	14.5	-3.00	14.71	1.10	14.71	170	1.000	0	9.5	9.5	0.00	0.00	2	0.0	15.0	15.0	0.0	0.0	88	93	77	90	73	87	22.0	2500	200	2200	75	0	0	0	0	2156	0.0	1.0	0.00	25.0	0.0	2.00	2.00	0.0	AP Info:[COBB AP v1.7.2 | 2022 SUBARU WRX MT | Stage 2 + 30% Ethanol]
1.808	0.30	1.80	14.71	0.0	0.0	15.0	15.0	25.0	14.5	-3.00	14.71	1.10	14.71	170	1.000	0	9.5	9.5	0.00	0.00	2	0.0	15.0	15.0	0.0	0.0	88	93	79	90	76	85	22.1	2500	200	2212	75	0	0	0	0	2156	0.0	1.0	0.00	25.0	0.0	2.00	2.00	0.0	AP Info:[COBB AP v1.7.2 | 2022 SUBARU WRX MT | Stage 2 + 30% Ethanol]
1.830	0.30	1.80	14.71	0.0	0.0	15.0	15.0	25.0	14.5	-3.00	14.71	1.10	14.71	170	1.000	0	9.5	9.5	0.00	0.00	2	0.0	15.0	15.0	0.0	0.0	88	93	74	79	90	71	22.2	2500	200	2225	75	0	0	0	0	2156	0.0	1.0	0.00	25.0	0.0	2.00	2.00	0.0	AP Info:[COBB AP v1.7.2 | 2022 SUBARU WRX MT | Stage 2 + 30% Ethanol]
1.854	0.30	1.80	14.71	0.0	0.0	15.0	15.0	25.0	14.5	-3.00	14.71	1.10	14.71	170	1.000	0	9.5	9.5	0.00	0.00	2	0.0	15.0	15.0	0.0	0.0	88	93	86	89	80	87	22.4	2500	200	2238	75	0	0	0	0	2156	0.0	1.0	0.00	25.0	0.0	2.00	2.00	0.0	AP Info:[COBB AP v1.7.2 | 2022 SUBARU WRX MT | Stage 2 + 30% Ethanol]
1.878	0.30	1.80	14.71	0.0	0.0	15.0	15.0	25.0	14.5	-3.00	14.71	1.10	14.71	170	1.000	0	9.5	9.5	0.00	0.00	2	0.0	15.0	15.0	0.0	0.0	88	93	90	81	75	90	22.5	2500	200	2250	75	0	0	0	0	2156	0.0	1.0	0.00	25.0	0.0	2.00	2.00	0.0	AP Info:[COBB AP v1.7.2 | 2022 SUBARU WRX MT | Stage 2 + 30% Ethanol]
1.902	0.30	1.80	14.71	0.0	0.0	15.0	15.0	25.0	14.5	-3.00	14.71	1.10	14.71	170	1.000	0	9.5	9.5	0.00	0.00	2	0.0	15.0	15.0	0.0	0.0	88	93	76	82	85	73	22.6	2500	200	2262	75	0	0	0	0	2156	0.0	1.0	0.00	25.0	0.0	2.00	2.00	0.0	AP Info:[COBB AP v1.7.2 | 2022 SUBARU WRX MT | Stage 2 + 30% Ethanol]
1.924	0.30	1.80	14.71	0.0	0.0	15.0	15.0	25.0	14.5	-3.00	14.71	1.10	14.71	170	1.000	0	9.5	9.5	0.00	0.00	2	0.0	15.0	15.0	0.0	0.0	88	93	77	82	80	81	22.8	2500	200	2275	75	0	0	0	0	2156	0.0	1.0	0.00	25.0	0.0	2.00	2.00	0.0	AP Info:[COBB AP v1.7.2 | 2022 SUBARU WRX MT | Stage 2 + 30% Ethanol]
1.948	0.30	1.80	14.71	0.0	0.0	15.0	15.0	25.0	14.5	-3.00	14.71	1.10	14.71	170	1.000	0	9.5	9.5	0.00	0.00	2	0.0	15.0	15.0	0.0	0.0	88	93	78	86	77	82	22.9	2500	200	2288	75	0	0	0	0	2156	0.0	1.0	0.00	25.0	0.0	2.00	2.00	0.0	AP Info:[COBB AP v1.7.2 | 2022 SUBARU WRX MT | Stage 2 + 30% Ethanol]
1.974	0.30	1.80	14.71	0.0	0.0	15.0	15.0	25.0	14.5	-3.00	14.71	1.10	14.71	170	1.000	0	9.5	9.5	0.00	0.00	2	0.0	15.0	15.0	0.0	0.0	88	93	75	90	73	84	23.0	2500	200	2300	75	0	0	0	0	2156	0.0	1.0	0.00	25.0	0.0	2.00	2.00	0.0	AP Info:[COBB AP v1.7.2 | 2022 SUBARU WRX MT | Stage 2 + 30% Ethanol]
2.000	0.30	1.80	14.71	0.0	0.0	15.0	15.0	25.0	14.5	-3.00	14.71	1.10	14.71	170	1.000	0	9.5	9.5	0.00	0.00	2	0.0	15.0	15.0	0.0	0.0	88	93	88	75	84	70	23.1	2500	200	2312	75	0	0	0	0	2156	0.0	1.0	0.00	25.0	0.0	2.00	2.00	0.0	AP Info:[COBB AP v1.7.2 | 2022 SUBARU WRX MT | Stage 2 + 30% Ethanol]
2.026	0.30	1.80	14.71	0.0	0.0	15.0	15.0	25.0	14.5	-3.00	14.71	1.10	14.71	170	1.000	0	9.5	9.5	0.00	0.00	2	0.0	15.0	15.0	0.0	0.0	88	93	70	88	79	70	23.2	2500	200	2325	75	0	0	0	0	2156	0.0	1.0	0.00	25.0	0.0	2.00	2.00	0.0	AP Info:[COBB AP v1.7.2 | 2022 SUBARU WRX MT | Stage 2 + 30% Ethanol]
2.052	0.30	1.80	14.71	0.0	0.0	15.0	15.0	25.0	14.5	-3.00	14.71	1.10	14.71	170	1.000	0	9.5	9.5	0.00	0.00	2	0.0	15.0	15.0	0.0	0.0	88	93	80	83	88	88	23.4	2500	200	2338	75	0	0	0	0	2156	0.0	1.0	0.00	25.0	0.0	2.00	2.00	0.0	AP Info:[COBB AP v1.7.2 | 2022 SUBARU WRX MT | Stage 2 + 30% Ethanol]
2.076	0.30	1.80	14.71	0.0	0.0	15.0	15.0	25.0	14.5	-3.00	14.71	1.10	14.71	170	1.000	0	9.5	9.5	0.00	0.00	2	0.0	15.0	15.0	0.0	0.0	88	93	77	73	89	75	23.5	2500	200	2350	75	0	0	0	0	2156	0.0	1.0	0.00	25.0	0.0	2.00	2.00	0.0	AP Info:[COBB AP v1.7.2 | 2022 SUBARU WRX MT | Stage 2 + 30% Ethanol]
2.098	0.30	1.80	14.71	0.0	0.0	15.0	15.0	25.0	14.5	-3.00	14.71	1.10	14.71	170	1.000	0	9.5	9.5	0.00	0.00	2	0.0	15.0	15.0	0.0	0.0	88	93	80	89	86	75	23.6	2500	200	2362	75	0	0	0	0	2156	0.0	1.0	0.00	25.0	0.0	2.00	2.00	0.0	AP Info:[COBB AP v1.7.2 | 2022 SUBARU WRX MT | Stage 2 + 30% Ethanol]
2.120	0.30	1.80	14.71	0.0	0.0	15.0	15.0	25.0	14.5	-3.00	14.71	1.10	14.71	170	1.000	0	9.5	9.5	0.00	0.00	2	0.0	15.0	15.0	0.0	0.0	88	93	77	76	81	85	23.8	2500	200	2375	75	0	0	0	0	2156	0.0	1.0	0.00	25.0	0.0	2.00	2.00	0.0	AP Info:[COBB AP v1.7.2 | 2022 SUBARU WRX MT | Stage 2 + 30% Ethanol]
2.144	0.30	1.80	14.71	0.0	0.0	15.0	15.0	25.0	14.5	-3.00	14.71	1.10	14.71	170	1.000	0	9.5	9.5	0.00	0.00	2	0.0	15.0	15.0	0.0	0.0	88	93	80	87	82	76	23.9	2500	200	2388	75	0	0	0	0	2156	0.0	1.0	0.00	25.0	0.0	2.00	2.00	0.0	AP Info:[COBB AP v1.7.2 | 2022 SUBARU WRX MT | Stage 2 + 30% Ethanol]
2.166	0.30	1.80	14.71	0.0	0.0	15.0	15.0	25.0	14.5	-3.00	14.71	1.10	14.71	170	1.000	0	9.5	9.5	0.00	0.00	2	0.0	15.0	15.0	0.0	0.0	88	93	72	81	77	86	24.0	2500	200	2400	75	0	0	0	0	2156	0.0	1.0	0.00	25.0	0.0	2.00	2.00	0.0	AP Info:[COBB AP v1.7.2 | 2022 SUBARU WRX MT | Stage 2 + 30% Ethanol]
2.190	0.30	1.80	14.71	0.0	0.0	15.0	15.0	25.0	14.5	-3.00	14.71	1.10	14.71	170	1.000	0	9.5	9.5	0.00	0.00	2	0.0	15.0	15.0	0.0	0.0	88	93	90	85	73	78	24.1	2500	200	2412	75	0	0	0	0	2156	0.0	1.0	0.00	25.0	0.0	2.00	2.00	0.0	AP Info:[COBB AP v1.7.2 | 2022 SUBARU WRX MT | Stage 2 + 30% Ethanol]
2.216	0.30	1.80	14.71	0.0	0.0	15.0	15.0	25.0	14.5	-3.00	14.71	1.10	14.71	170	1.000	0	9.5	9.5	0.00	0.00	2	0.0	15.0	15.0	0.0	0.0	88	93	81	70	75	87	24.2	2500	200	2425	75	0	0	0	0	2156	0.0	1.0	0.00	25.0	0.0	2.00	2.00	0.0	AP Info:[COBB AP v1.7.2 | 2022 SUBARU WRX MT | Stage 2 + 30% Ethanol]
2.238	0.30	1.80	14.71	0.0	0.0	15.0	15.0	25.0	14.5	-3.00	14.71	1.10	14.71	170	1.000	0	9.5	9.5	0.00	0.00	2	0.0	15.0	15.0	0.0	0.0	88	93	86	82	84	85	24.4	2500	200	2438	75	0	0	0	0	2156	0.0	1.0	0.00	25.0	0.0	2.00	2.00	0.0	AP Info:[COBB AP v1.7.2 | 2022 SUBARU WRX MT | Stage 2 + 30% Ethanol]
2.260	0.30	1.80	14.71	0.0	0.0	15.0	15.0	25.0	14.5	-3.00	14.71	1.10	14.71	170	1.000	0	9.5	9.5	0.00	0.00	2	0.0	15.0	15.0	0.0	0.0	88	93	73	73	89	89	24.5	2500	200	2450	75	0	0	0	0	2156	0.0	1.0	0.00	25.0	0.0	2.00	2.00	0.0	AP Info:[COBB AP v1.7.2 | 2022 SUBARU WRX MT | Stage 2 + 30% Ethanol]
2.280	0.30	1.80	14.71	0.0	0.0	15.0	15.0	25.0	14.5	-3.00	14.71	1.10	14.71	170	1.000	0	9.5	9.5	0.00	0.00	2	0.0	15.0	15.0	0.0	0.0	88	93	72	73	71	72	24.6	2500	200	2462	75	0	0	0	0	2156	0.0	1.0	0.00	25.0	0.0	2.00	2.00	0.0	AP Info:[COBB AP v1.7.2 | 2022 SUBARU WRX MT | Stage 2 + 30% Ethanol]
2.300	0.30	1.80	14.71	0.0	0.0	15.0	15.0	25.0	14.5	-3.00	14.71	1.10	14.71	170	1.000	0	9.5	9.5	0.00	0.00	2	0.0	15.0	15.0	0.0	0.0	88	93	89	89	78	82	24.8	2500	200	2475	75	0	0	0	0	2156	0.0	1.0	0.00	25.0	0.0	2.00	2.00	0.0	AP Info:[COBB AP v1.7.2 | 2022 SUBARU WRX MT | Stage 2 + 30% Ethanol]
2.326	0.30	1.80	14.71	0.0	0.0	15.0	15.0	25.0	14.5	-3.00	14.71	1.10	14.71	170	1.000	0	9.5	9.5	0.00	0.00	2	0.0	15.0	15.0	0.0	0.0	88	93	74	74	74	79	24.9	2500	200	2488	75	0	0	0	0	2156	0.0	1.0	0.00	25.0	0.0	2.00	2.00	0.0	AP Info:[COBB AP v1.7.2 | 2022 SUBARU WRX MT | Stage 2 + 30% Ethanol]
2.346	0.00	0.00	11.83	0.0	0.0	0.0	0.0	100.0	14.5	0.00	14.71	2.50	11.50	175	1.000	0	9.5	9.5	0.00	0.00	3	0.0	15.0	20.0	0.0	0.0	95	100	210	205	199	203	26.0	2500	210	2600	300	0	0	0	0	2156	0.0	1.0	0.00	100.0	0.0	8.67	8.50	0.0	AP Info:[COBB AP v1.7.2 | 2022 SUBARU WRX MT | Stage 2 + 30% Ethanol]
2.370	0.00	0.00	11.93	0.0	0.0	0.0	0.0	100.0	14.5	0.37	14.71	2.51	11.50	175	1.000	0	9.5	9.5	0.00	0.00	3	0.0	15.0	20.6	0.0	0.0	95	100	198	192	204	203	26.4	2500	210	2638	300	0	0	0	0	2156	0.0	1.0	0.40	100.0	0.0	8.40	8.50	0.0	AP Info:[COBB AP v1.7.2 | 2022 SUBARU WRX MT | Stage 2 + 30% Ethanol]
2.392	0.00	0.00	11.83	0.0	0.0	0.0	0.0	100.0	14.5	0.74	14.71	2.53	11.50	175	1.000	0	9.5	9.5	0.00	0.00	3	0.0	15.0	21.2	0.0	0.0	95	100	210	199	195	203	26.8	2500	210	2676	300	0	0	0	0	2156	0.0	1.0	0.80	100.0	0.0	8.57	8.50	0.0	AP Info:[COBB AP v1.7.2 | 2022 SUBARU WRX MT | Stage 2 + 30% Ethanol]
2.414	0.00	0.00	11.87	0.0	0.0	0.0	0.0	100.0	14.5	1.12	14.71	2.54	11.50	175	1.000	0	9.5	9.5	0.00	0.00	3	0.0	15.0	21.9	0.0	0.0	95	100	198	192	202	202	27.1	2500	210	2714	300	0	0	0	0	2156	0.0	1.0	1.20	100.0	0.0	8.47	8.50	0.0	AP Info:[COBB AP v1.7.2 | 2022 SUBARU WRX MT | Stage 2 + 30% Ethanol]
2.438	0.00	0.00	11.96	0.0	0.0	0.0	0.0	100.0	14.5	1.49	14.71	2.55	11.50	175	1.000	0	9.5	9.5	0.00	0.00	3	0.0	15.0	22.5	0.0	0.0	95	100	210	195	195	194	27.5	2500	210	2752	300	0	0	0	0	2156	0.0	1.0	1.60	100.0	0.0	8.65	8.50	0.0	AP Info:[COBB AP v1.7.2 | 2022 SUBARU WRX MT | Stage 2 + 30% Ethanol]
2.460	0.00	0.00	12.19	0.0	0.0	0.0	0.0	100.0	14.5	1.86	14.71	2.56	11.50	175	1.000	0	9.5	9.5	0.00	0.00	3	0.0	15.0	23.1	0.0	0.0	95	100	193	200	198	193	27.9	2500	210	2790	300	0	0	0	0	2156	0.0	1.0	2.00	100.0	0.0	8.30	8.50	0.0	AP Info:[COBB AP v1.7.2 | 2022 SUBARU WRX MT | Stage 2 + 30% Ethanol]
2.482	0.00	0.00	11.81	0.0	0.0	0.0	0.0	100.0	14.5	2.23	14.71	2.58	11.50	175	1.000	0	9.5	9.5	0.00	0.00	3	0.0	15.0	23.7	0.0	0.0	95	100	202	203	194	193	28.3	2500	210	2828	300	0	0	0	0	2156	0.0	1.0	2.40	100.0	0.0	8.69	8.50	0.0	AP Info:[COBB AP v1.7.2 | 2022 SUBARU WRX MT | Stage 2 + 30% Ethanol]
2.504	0.00	0.00	12.14	0.0	0.0	0.0	0.0	100.0	14.5	2.60	14.71	2.59	11.50	175	1.000	0	9.5	9.5	0.00	0.00	3	0.0	15.0	24.3	0.0	0.0	95	100	198	208	198	208	28.7	2500	210	2866	300	0	0	0	0	2156	0.0	1.0	2.80	100.0	0.0	8.31	8.50	0.0	AP Info:[COBB AP v1.7.2 | 2022 SUBARU WRX MT | Stage 2 + 30% Ethanol]
2.530	0.00	0.00	11.95	0.0	0.0	0.0	0.0	100.0	14.5	2.97	14.71	2.60	11.50	175	1.000	0	9.5	9.5	0.00	0.00	3	0.0	15.0	25.0	0.0	0.0	95	100	208	196	204	195	29.0	2500	210	2904	300	0	0	0	0	2156	0.0	1.0	3.20	100.0	0.0	8.59	8.50	0.0	AP Info:[COBB AP v1.7.2 | 2022 SUBARU WRX MT | Stage 2 + 30% Ethanol]
2.554	0.00	0.00	11.84	0.0	0.0	0.0	0.0	100.0	14.5	3.35	14.71	2.62	11.50	175	1.000	0	9.5	9.5	0.00	0.00	3	0.0	15.0	25.6	0.0	0.0	95	100	199	200	191	191	29.4	2500	210	2942	300	0	0	0	0	2156	0.0	1.0	3.60	100.0	0.0	8.48	8.50	0.0	AP Info:[COBB AP v1.7.2 | 2022 SUBARU WRX MT | Stage 2 + 30% Ethanol]
2.576	0.00	0.00	11.94	0.0	0.0	0.0	0.0	100.0	14.5	3.72	14.71	2.63	11.50	175	1.000	0	9.5	9.5	0.00	0.00	3	0.0	15.0	26.2	0.0	0.0	95	100	195	207	192	202	29.8	2500	210	2980	300	0	0	0	0	2156	0.0	1.0	4.00	100.0	0.0	8.38	8.50	0.0	AP Info:[COBB AP v1.7.2 | 2022 SUBARU WRX MT | Stage 2 + 30% Ethanol]
2.596	0.00	0.00	12.03	0.0	0.0	0.0	0.0	100.0	14.5	4.09	14.71	2.64	11.50	175	1.000	0	9.5	9.5	0.00	0.00	3	0.0	15.0	26.8	0.0	0.0	95	100	205	205	201	203	30.2	2500	210	3018	300	0	0	0	0	2156	0.0	1.0	4.40	100.0	0.0	8.68	8.50	0.0	AP Info:[COBB AP v1.7.2 | 2022 SUBARU WRX MT | Stage 2 + 30% Ethanol]
2.616	0.00	0.00	12.12	0.0	0.0	0.0	0.0	100.0	14.5	4.46	14.71	2.66	11.50	175	1.000	0	9.5	9.5	0.00	0.00	3	0.0	15.0	27.4	0.0	0.0	95	100	194	192	209	204	30.6	2500	210	3056	300	0	0	0	0	2156	0.0	1.0	4.80	100.0	0.0	8.69	8.50	0.0	AP Info:[COBB AP v1.7.2 | 2022 SUBARU WRX MT | Stage 2 + 30% Ethanol]
2.638	0.00	0.00	12.17	0.0	0.0	0.0	0.0	100.0	14.5	4.83	14.71	2.67	11.50	175	1.000	0	9.5	9.5	0.00	0.00	3	0.0	15.0	28.1	0.0	0.0	95	100	193	210	190	206	30.9	2500	210	3094	300	0	0	0	0	2156	0.0	1.0	5.20	100.0	0.0	8.60	8.50	0.0	AP Info:[COBB AP v1.7.2 | 2022 SUBARU WRX MT | Stage 2 + 30% Ethanol]
2.662	0.00	0.00	11.98	0.0	0.0	0.0	0.0	100.0	14.5	5.20	14.71	2.68	11.50	175	1.000	0	9.5	9.5	0.00	0.00	3	0.0	15.0	28.7	0.0	0.0	95	100	195	206	190	206	31.3	2500	210	3132	300	0	0	0	0	2156	0.0	1.0	5.60	100.0	0.0	8.60	8.50	0.0	AP Info:[COBB AP v1.7.2 | 2022 SUBARU WRX MT | Stage 2 + 30% Ethanol]
2.686	0.00	0.00	12.00	0.0	0.0	0.0	0.0	100.0	14.5	5.58	14.71	2.69	11.50	175	1.000	0	9.5	9.5	0.00	0.00	3	0.0	15.0	29.3	0.0	0.0	95	100	196	198	207	203	31.7	2500	210	3170	300	0	0	0	0	2156	0.0	1.0	6.00	100.0	0.0	8.38	8.50	0.0	AP Info:[COBB AP v1.7.2 | 2022 SUBARU WRX MT | Stage 2 + 30% Ethanol]
2.712	0.00	0.00	11.92	0.0	0.0	0.0	0.0	100.0	14.5	5.95	14.71	2.71	11.50	175	1.000	0	9.5	9.5	0.00	0.00	3	0.0	15.0	29.9	0.0	0.0	95	100	207	204	196	200	32.1	2500	210	3208	300	0	0	0	0	2156	0.0	1.0	6.40	100.0	0.0	8.33	8.50	0.0	AP Info:[COBB AP v1.7.2 | 2022 SUBARU WRX MT | Stage 2 + 30% Ethanol]
2.736	0.00	0.00	12.17	0.0	0.0	0.0	0.0	100.0	14.5	6.32	14.71	2.72	11.50	175	1.000	0	9.5	9.5	0.00	0.00	3	0.0	15.0	30.5	0.0	0.0	95	100	196	204	210	205	32.5	2500	210	3246	300	0	0	0	0	2156	0.0	1.0	6.80	100.0	0.0	8.38	8.50	0.0	AP Info:[COBB AP v1.7.2 | 2022 SUBARU WRX MT | Stage 2 + 30% Ethanol]
2.762	0.00	0.00	12.09	0.0	0.0	0.0	0.0	100.0	14.5	6.69	14.71	2.73	11.50	175	1.000	0	9.5	9.5	0.00	0.00	3	0.0	15.0	31.2	0.0	0.0	95	100	192	206	200	194	32.8	2500	210	3284	300	0	0	0	0	2156	0.0	1.0	7.20	100.0	0.0	8.65	8.50	0.0	AP Info:[COBB AP v1.7.2 | 2022 SUBARU WRX MT | Stage 2 + 30% Ethanol]
2.782	0.00	0.00	11.82	0.0	0.0	0.0	0.0	100.0	14.5	7.06	14.71	2.75	11.50	175	1.000	0	9.5	9.5	0.00	0.00	3	0.0	15.0	31.8	0.0	0.0	95	100	190	206	197	202	33.2	2500	210	3322	300	0	0	0	0	2156	0.0	1.0	7.60	100.0	0.0	8.31	8.50	0.0	AP Info:[COBB AP v1.7.2 | 2022 SUBARU WRX MT | Stage 2 + 30% Ethanol]
2.806	0.00	0.00	11.91	0.0	0.0	0.0	0.0	100.0	14.5	7.43	14.71	2.76	11.50	175	1.000	0	9.5	9.5	0.00	0.00	3	0.0	15.0	32.4	0.0	0.0	95	100	202	190	192	196	33.6	2500	210	3360	300	0	0	0	0	2156	0.0	1.0	8.00	100.0	0.0	8.53	8.50	0.0	AP Info:[COBB AP v1.7.2 | 2022 SUBARU WRX MT | Stage 2 + 30% Ethanol]
2.830	0.00	0.00	11.86	0.0	0.0	0.0	0.0	100.0	14.5	7.81	14.71	2.77	11.50	175	1.000	0	9.5	9.5	0.00	0.00	3	0.0	15.0	33.0	0.0	0.0	95	100	201	204	207	206	34.0	2500	210	3398	300	0	0	0	0	2156	0.0	1.0	8.40	100.0	0.0	8.44	8.50	0.0	AP Info:[COBB AP v1.7.2 | 2022 SUBARU WRX MT | Stage 2 + 30% Ethanol]
2.856	0.00	0.00	12.04	0.0	0.0	0.0	0.0	100.0	14.5	8.18	14.71	2.79	11.50	175	1.000	0	9.5	9.5	0.00	0.00	3	0.0	15.0	33.6	0.0	0.0	95	100	194	193	192	202	34.4	2500	210	3436	300	0	0	0	0	2156	0.0	1.0	8.80	100.0	0.0	8.56	8.50	0.0	AP Info:[COBB AP v1.7.2 | 2022 SUBARU WRX MT | Stage 2 + 30% Ethanol]
2.878	0.00	0.00	12.02	0.0	0.0	0.0	0.0	100.0	14.5	8.55	14.71	2.80	11.50	175	1.000	0	9.5	9.5	0.00	0.00	3	0.0	15.0	34.3	0.0	0.0	95	100	208	191	205	198	34.7	2500	210	3474	300	0	0	0	0	2156	0.0	1.0	9.20	100.0	0.0	8.37	8.50	0.0	AP Info:[COBB AP v1.7.2 | 2022 SUBARU WRX MT | Stage 2 + 30% Ethanol]
2.902	0.00	0.00	11.82	0.0	0.0	0.0	0.0	100.0	14.5	8.92	14.71	2.81	11.50	175	1.000	0	9.5	9.5	0.00	0.00	3	0.0	15.0	34.9	0.0	0.0	95	100	210	200	201	201	35.1	2500	210	3512	300	0	0	0	0	2156	0.0	1.0	9.60	100.0	0.0	8.68	8.50	0.0	AP Info:[COBB AP v1.7.2 | 2022 SUBARU WRX MT | Stage 2 + 30% Ethanol]
2.924	0.00	0.00	11.85	0.0	0.0	0.0	0.0	100.0	14.5	9.29	14.71	2.83	11.50	175	1.000	0	9.5	9.5	0.00	0.00	3	0.0	15.0	35.5	0.0	0.0	95	100	207	208	197	202	35.5	2500	210	3550	300	0	0	0	0	2156	0.0	1.0	10.00	100.0	0.0	8.64	8.50	0.0	AP Info:[COBB AP v1.7.2 | 2022 SUBARU WRX MT | Stage 2 + 30% Ethanol]
2.944	0.00	0.00	11.97	0.0	0.0	0.0	0.0	100.0	14.5	9.66	14.71	2.84	11.50	175	1.000	0	9.5	9.5	0.00	0.00	3	0.0	15.0	36.1	0.0	0.0	95	100	192	209	205	210	35.9	2500	210	3588	300	0	0	0	0	2156	0.0	1.0	10.40	100.0	0.0	8.58	8.50	0.0	AP Info:[COBB AP v1.7.2 | 2022 SUBARU WRX MT | Stage 2 + 30% Ethanol]
2.970	0.00	0.00	12.02	0.0	0.0	0.0	0.0	100.0	14.5	10.04	14.71	2.85	11.50	175	1.000	0	9.5	9.5	0.00	0.00	3	0.0	15.0	36.7	0.0	0.0	95	100	192	207	205	205	36.3	2500	210	3626	300	0	0	0	0	2156	0.0	1.0	10.80	100.0	0.0	8.57	8.50	0.0	AP Info:[COBB AP v1.7.2 | 2022 SUBARU WRX MT | Stage 2 + 30% Ethanol]
2.990	0.00	0.00	12.01	0.0	0.0	0.0	0.0	100.0	14.5	10.41	14.71	2.86	11.50	175	1.000	0	9.5	9.5	0.00	0.00	3	0.0	15.0	37.4	0.0	0.0	95	100	193	207	197	200	36.6	2500	210	3664	300	0	0	0	0	2156	0.0	1.0	11.20	100.0	0.0	8.52	8.50	0.0	AP Info:[COBB AP v1.7.2 | 2022 SUBARU WRX MT | Stage 2 + 30% Ethanol]
3.016	0.00	0.00	12.14	0.0	0.0	0.0	0.0	100.0	14.5	10.78	14.71	2.88	11.50	175	1.000	0	9.5	9.5	0.00	0.00	3	0.0	15.0	38.0	0.0	0.0	95	100	193	194	195	208	37.0	2500	210	3702	300	0	0	0	0	2156	0.0	1.0	11.60	100.0	0.0	8.48	8.50	0.0	AP Info:[COBB AP v1.7.2 | 2022 SUBARU WRX MT | Stage 2 + 30% Ethanol]
3.036	0.00	0.00	11.81	0.0	0.0	0.0	0.0	100.0	14.5	11.15	14.71	2.89	11.50	175	1.000	0	9.5	9.5	0.00	0.00	3	0.0	15.0	38.6	0.0	0.0	95	100	209	191	205	203	37.4	2500	210	3740	300	0	0	0	0	2156	0.0	1.0	12.00	100.0	0.0	8.69	8.50	0.0	AP Info:[COBB AP v1.7.2 | 2022 SUBARU WRX MT | Stage 2 + 30% Ethanol]
3.062	0.00	0.00	12.19	0.0	0.0	0.0	0.0	100.0	14.5	11.52	14.71	2.90	11.50	175	1.000	0	9.5	9.5	0.00	0.00	3	0.0	15.0	39.2	0.0	0.0	95	100	203	198	210	201	37.8	2500	210	3778	300	0	0	0	0	2156	0.0	1.0	12.40	100.0	0.0	8.38	8.50	0.0	AP Info:[COBB AP v1.7.2 | 2022 SUBARU WRX MT | Stage 2 + 30% Ethanol]
3.082	0.00	0.00	11.88	0.0	0.0	0.0	0.0	100.0	14.5	11.89	14.71	2.92	11.50	175	1.000	0	9.5	9.5	0.00	0.00	3	0.0	15.0	39.8	0.0	0.0	95	100	203	210	206	202	38.2	2500	210	3816	300	0	1	0	0	2156	0.0	1.0	12.80	100.0	0.0	8.45	8.50	0.0	AP Info:[COBB AP v1.7.2 | 2022 SUBARU WRX MT | Stage 2 + 30% Ethanol]
3.104	0.00	0.00	11.83	0.0	0.0	0.0	0.0	100.0	14.5	12.27	14.71	2.93	11.50	175	1.000	0	9.5	9.5	0.00	0.00	3	0.0	15.0	40.5	0.0	0.0	95	100	190	190	196	190	38.5	2500	210	3854	300	0	0	0	0	2156	0.0	1.0	13.20	100.0	0.0	8.51	8.50	0.0	AP Info:[COBB AP v1.7.2 | 2022 SUBARU WRX MT | Stage 2 + 30% Ethanol]
3.126	0.00	0.00	11.86	0.0	0.0	0.0	0.0	100.0	14.5	12.64	14.71	2.94	11.50	175	1.000	0	9.5	9.5	0.00	0.00	3	0.0	15.0	41.1	0.0	0.0	95	100	197	203	197	196	38.9	2500	210	3892	300	0	0	0	0	2156	0.0	1.0	13.60	100.0	0.0	8.61	8.50	0.0	AP Info:[COBB AP v1.7.2 | 2022 SUBARU WRX MT | Stage 2 + 30% Ethanol]
3.148	0.00	0.00	12.06	0.0	0.0	0.0	0.0	100.0	14.5	13.01	14.71	2.96	11.50	175	1.000	0	9.5	9.5	0.00	0.00	3	0.0	15.0	41.7	0.0	0.0	95	100	201	203	204	197	39.3	2500	210	3930	300	0	0	0	0	2156	0.0	1.0	14.00	100.0	0.0	8.40	8.50	0.0	AP Info:[COBB AP v1.7.2 | 2022 SUBARU WRX MT | Stage 2 + 30% Ethanol]
3.168	0.00	0.00	11.96	0.0	0.0	0.0	0.0	100.0	14.5	13.38	14.71	2.97	11.50	175	1.000	0	9.5	9.5	0.00	0.00	3	0.0	15.0	42.3	0.0	0.0	95	100	202	199	191	193	39.7	2500	210	3968	300	0	0	0	0	2156	0.0	1.0	14.40	100.0	0.0	8.52	8.50	0.0	AP Info:[COBB AP v1.7.2 | 2022 SUBARU WRX MT | Stage 2 + 30% Ethanol]
3.188	0.00	0.00	12.11	0.0	0.0	0.0	0.0	100.0	14.5	13.75	14.71	2.98	11.50	175	1.000	0	9.5	9.5	0.00	0.00	3	0.0	15.0	42.9	0.0	0.0	95	100	193	200	210	203	40.1	2500	210	4006	300	0	0	0	0	2156	0.0	1.0	14.80	100.0	0.0	8.65	8.50	0.0	AP Info:[COBB AP v1.7.2 | 2022 SUBARU WRX MT | Stage 2 + 30% Ethanol]
3.210	0.00	0.00	12.09	0.0	0.0	0.0	0.0	100.0	14.5	14.12	14.71	2.99	11.50	175	1.000	0	9.5	9.5	0.00	0.00	3	0.0	15.0	43.6	0.0	0.0	95	100	205	195	192	210	40.4	2500	210	4044	300	0	0	0	0	2156	0.0	1.0	15.20	100.0	0.0	8.62	8.50	0.0	AP Info:[COBB AP v1.7.2 | 2022 SUBARU WRX MT | Stage 2 + 30% Ethanol]
3.230	0.00	0.00	11.81	0.0	0.0	0.0	0.0	100.0	14.5	14.50	14.71	3.01	11.50	175	1.000	0	9.5	9.5	0.00	0.00	3	0.0	15.0	44.2	0.0	0.0	95	100	205	196	200	204	40.8	2500	210	4082	300	0	0	0	0	2156	0.0	1.0	15.60	100.0	0.0	8.56	8.50	0.0	AP Info:[COBB AP v1.7.2 | 2022 SUBARU WRX MT | Stage 2 + 30% Ethanol]
3.256	0.00	0.00	12.16	0.0	0.0	0.0	0.0	100.0	14.5	14.87	14.71	3.02	11.50	175	1.000	0	9.5	9.5	0.00	0.00	3	0.0	15.0	44.8	0.0	0.0	95	100	200	202	190	198	41.2	2500	210	4120	300	0	0	0	0	1790	0.0	1.0	16.00	100.0	0.0	8.31	8.50	0.0	AP Info:[COBB AP v1.7.2 | 2022 SUBARU WRX MT | Stage 2 + 30% Ethanol]
3.280	0.00	0.00	11.85	0.0	0.0	0.0	0.0	100.0	14.5	15.24	14.71	3.03	11.50	175	1.000	0	9.5	9.5	0.00	0.00	3	0.0	15.0	45.4	0.0	0.0	95	100	207	208	190	210	41.6	2500	210	4158	300	0	0	0	0	1790	0.0	1.0	16.40	100.0	0.0	8.58	8.50	0.0	AP Info:[COBB AP v1.7.2 | 2022 SUBARU WRX MT | Stage 2 + 30% Ethanol]
3.306	0.00	0.00	11.95	0.0	0.0	0.0	0.0	100.0	14.5	15.61	14.71	3.05	11.50	175	1.000	0	9.5	9.5	0.00	0.00	3	0.0	15.0	46.0	0.0	0.0	95	100	192	200	208	199	42.0	2500	210	4196	300	0	0	0	0	1790	0.0	1.0	16.80	100.0	0.0	8.44	8.50	0.0	AP Info:[COBB AP v1.7.2 | 2022 SUBARU WRX MT | Stage 2 + 30% Ethanol]
3.326	0.00	0.00	11.94	0.0	0.0	0.0	0.0	100.0	14.5	15.98	14.71	3.06	11.50	175	1.000	0	9.5	9.5	0.00	0.00	3	0.0	15.0	46.7	0.0	0.0	95	100	206	208	191	202	42.3	2500	210	4234	300	0	0	0	0	1790	0.0	1.0	17.20	100.0	0.0	8.62	8.50	0.0	AP Info:[COBB AP v1.7.2 | 2022 SUBARU WRX MT | Stage 2 + 30% Ethanol]
3.348	0.00	0.00	11.87	0.0	0.0	0.0	0.0	100.0	14.5	16.35	14.71	3.07	11.50	175	1.000	0	9.5	9.5	0.00	0.00	3	0.0	15.0	47.3	0.0	0.0	95	100	192	197	208	191	42.7	2500	210	4272	300	0	0	0	0	1790	0.0	1.0	17.60	100.0	0.0	8.50	8.50	0.0	AP Info:[COBB AP v1.7.2 | 2022 SUBARU WRX MT | Stage 2 + 30% Ethanol]
3.374	0.00	0.00	11.88	0.0	0.0	0.0	0.0	100.0	14.5	16.73	14.71	3.08	11.50	175	1.000	0	9.5	9.5	0.00	0.00	3	0.0	15.0	47.9	0.0	0.0	95	100	191	208	199	206	43.1	2500	210	4310	300	0	0	0	0	1790	0.0	1.0	18.00	100.0	0.0	8.37	8.50	0.0	AP Info:[COBB AP v1.7.2 | 2022 SUBARU WRX MT | Stage 2 + 30% Ethanol]
3.396	0.00	0.00	11.93	0.0	0.0	0.0	0.0	100.0	14.5	17.10	14.71	3.10	11.50	175	1.000	0	9.5	9.5	0.00	0.00	3	0.0	15.0	48.5	0.0	0.0	95	100	203	207	199	192	43.5	2500	210	4348	300	0	0	0	0	1790	0.0	1.0	18.40	100.0	0.0	8.50	8.50	0.0	AP Info:[COBB AP v1.7.2 | 2022 SUBARU WRX MT | Stage 2 + 30% Ethanol]
3.422	0.00	0.00	12.18	0.0	0.0	0.0	0.0	100.0	14.5	17.47	14.71	3.11	11.50	175	1.000	0	9.5	9.5	0.00	0.00	3	0.0	15.0	49.1	0.0	0.0	95	100	201	192	206	197	43.9	2500	210	4386	300	0	0	0	0	1790	0.0	1.0	18.80	100.0	0.0	8.48	8.50	0.0	AP Info:[COBB AP v1.7.2 | 2022 SUBARU WRX MT | Stage 2 + 30% Ethanol]
3.448	0.00	0.00	12.17	0.0	0.0	0.0	0.0	100.0	14.5	17.84	14.71	3.12	11.50	175	1.000	0	9.5	9.5	0.00	0.00	3	0.0	15.0	49.8	0.0	0.0	95	100	210	196	203	201	44.2	2500	210	4424	300	0	0	0	0	1790	0.0	1.0	19.20	100.0	0.0	8.31	8.50	0.0	AP Info:[COBB AP v1.7.2 | 2022 SUBARU WRX MT | Stage 2 + 30% Ethanol]
3.470	0.00	0.00	12.01	0.0	0.0	0.0	0.0	100.0	14.5	18.21	14.71	3.14	11.50	175	1.000	0	9.5	9.5	0.00	0.00	3	0.0	15.0	50.4	0.0	0.0	95	100	190	203	191	207	44.6	2500	210	4462	300	0	0	0	0	1790	0.0	1.0	19.60	100.0	0.0	8.58	8.50	0.0	AP Info:[COBB AP v1.7.2 | 2022 SUBARU WRX MT | Stage 2 + 30% Ethanol]
3.490	0.00	0.00	12.20	0.0	0.0	0.0	0.0	100.0	14.5	18.58	14.71	3.15	11.50	175	1.000	0	9.5	9.5	0.00	0.00	3	0.0	15.0	51.0	0.0	0.0	95	100	210	202	206	202	45.0	2500	210	4500	300	0	0	0	0	1790	0.0	1.0	20.00	100.0	0.0	8.52	8.50	0.0	AP Info:[COBB AP v1.7.2 | 2022 SUBARU WRX MT | Stage 2 + 30% Ethanol]
3.516	0.00	0.00	11.95	0.0	0.0	0.0	0.0	100.0	14.5	18.96	14.71	3.16	11.50	175	1.000	0	9.5	9.5	0.00	0.00	3	0.0	15.0	51.6	0.0	0.0	95	100	194	209	194	206	45.4	2500	210	4538	300	0	0	0	0	2156	0.0	1.0	20.00	100.0	0.0	8.34	8.50	0.0	AP Info:[COBB AP v1.7.2 | 2022 SUBARU WRX MT | Stage 2 + 30% Ethanol]
3.540	0.00	0.00	11.88	0.0	0.0	0.0	0.0	100.0	14.5	19.33	14.71	3.18	11.50	175	1.000	0	9.5	9.5	0.00	0.00	3	0.0	15.0	52.2	0.0	0.0	95	100	198	205	204	203	45.8	2500	210	4576	300	0	0	0	0	2156	0.0	1.0	20.00	100.0	0.0	8.65	8.50	0.0	AP Info:[COBB AP v1.7.2 | 2022 SUBARU WRX MT | Stage 2 + 30% Ethanol]
3.566	0.00	0.00	11.96	0.0	0.0	0.0	0.0	100.0	14.5	19.70	14.71	3.19	11.50	175	1.000	0	9.5	9.5	0.00	0.00	3	0.0	15.0	52.9	0.0	0.0	95	100	199	202	204	210	46.1	2500	210	4614	300	0	0	0	0	2156	0.0	1.0	20.00	100.0	0.0	8.68	8.50	0.0	AP Info:[COBB AP v1.7.2 | 2022 SUBARU WRX MT | Stage 2 + 30% Ethanol]
3.592	0.00	0.00	11.96	0.0	0.0	0.0	0.0	100.0	14.5	20.07	14.71	3.20	11.50	175	1.000	0	9.5	9.5	0.00	0.00	3	0.0	15.0	53.5	0.0	0.0	95	100	207	209	196	209	46.5	2500	210	4652	300	0	0	0	0	2156	0.0	1.0	20.00	100.0	0.0	8.57	8.50	0.0	AP Info:[COBB AP v1.7.2 | 2022 SUBARU WRX MT | Stage 2 + 30% Ethanol]
3.614	0.00	0.00	11.91	0.0	0.0	0.0	0.0	100.0	14.5	20.44	14.71	3.21	11.50	175	1.000	0	9.5	9.5	0.00	0.00	3	0.0	15.0	54.1	0.0	0.0	95	100	199	198	200	197	46.9	2500	210	4690	300	0	0	0	0	2156	0.0	1.0	20.00	100.0	0.0	8.39	8.50	0.0	AP Info:[COBB AP v1.7.2 | 2022 SUBARU WRX MT | Stage 2 + 30% Ethanol]
3.640	0.00	0.00	12.03	0.0	0.0	0.0	0.0	100.0	14.5	20.81	14.71	3.23	11.50	175	1.000	0	9.5	9.5	0.00	0.00	3	0.0	15.0	54.7	0.0	0.0	95	100	209	208	200	202	47.3	2500	210	4728	300	0	0	0	0	2156	0.0	1.0	20.00	100.0	0.0	8.57	8.50	0.0	AP Info:[COBB AP v1.7.2 | 2022 SUBARU WRX MT | Stage 2 + 30% Ethanol]
3.666	0.00	0.00	12.09	0.0	0.0	0.0	0.0	100.0	14.5	21.19	14.71	3.24	11.50	175	1.000	0	9.5	9.5	0.00	0.00	3	0.0	15.0	55.3	0.0	0.0	95	100	201	198	197	194	47.7	2500	210	4766	300	0	0	0	0	2156	0.0	1.0	20.00	100.0	0.0	8.33	8.50	0.0	AP Info:[COBB AP v1.7.2 | 2022 SUBARU WRX MT | Stage 2 + 30% Ethanol]
3.688	0.00	0.00	12.08	0.0	0.0	0.0	0.0	100.0	14.5	21.56	14.71	3.25	11.50	175	1.000	0	9.5	9.5	0.00	0.00	3	0.0	15.0	56.0	0.0	0.0	95	100	194	202	197	210	48.0	2500	210	4804	300	0	0	0	0	2156	0.0	1.0	20.00	100.0	0.0	8.52	8.50	0.0	AP Info:[COBB AP v1.7.2 | 2022 SUBARU WRX MT | Stage 2 + 30% Ethanol]
3.712	0.00	0.00	11.84	0.0	0.0	0.0	0.0	100.0	14.5	21.93	14.71	3.27	11.50	175	1.000	0	9.5	9.5	0.00	0.00	3	0.0	15.0	56.6	0.0	0.0	95	100	207	198	191	206	48.4	2500	210	4842	300	0	0	0	0	2156	0.0	1.0	20.00	100.0	0.0	8.37	8.50	0.0	AP Info:[COBB AP v1.7.2 | 2022 SUBARU WRX MT | Stage 2 + 30% Ethanol]
3.736	0.00	0.00	12.19	0.0	0.0	0.0	0.0	100.0	14.5	22.30	14.71	3.28	11.50	175	1.000	0	9.5	9.5	0.00	0.00	3	0.0	15.0	57.2	0.0	0.0	95	100	196	205	207	190	48.8	2500	210	4880	300	0	0	0	0	2156	0.0	1.0	20.00	100.0	0.0	8.59	8.50	0.0	AP Info:[COBB AP v1.7.2 | 2022 SUBARU WRX MT | Stage 2 + 30% Ethanol]
3.762	0.00	0.00	12.07	0.0	0.0	0.0	0.0	100.0	14.5	22.25	14.71	3.29	11.50	175	1.000	0	9.5	9.5	0.00	0.00	3	0.0	15.0	57.8	0.0	0.0	95	100	193	193	200	199	49.2	2500	210	4918	300	0	0	0	0	2156	0.0	1.0	20.00	100.0	0.0	8.34	8.50	0.0	AP Info:[COBB AP v1.7.2 | 2022 SUBARU WRX MT | Stage 2 + 30% Ethanol]
3.788	0.00	0.00	11.80	0.0	0.0	0.0	0.0	100.0	14.5	22.20	14.71	3.31	11.50	175	1.000	0	9.5	9.5	0.00	0.00	3	0.0	15.0	58.4	0.0	0.0	95	100	207	194	195	197	49.6	2500	210	4956	300	0	0	0	0	2156	0.0	1.0	20.00	100.0	0.0	8.54	8.50	0.0	AP Info:[COBB AP v1.7.2 | 2022 SUBARU WRX MT | Stage 2 + 30% Ethanol]
3.810	0.00	0.00	12.17	0.0	0.0	0.0	0.0	100.0	14.5	22.15	14.71	3.32	11.50	175	1.000	0	9.5	9.5	0.00	0.00	3	0.0	15.0	59.1	0.0	0.0	95	100	205	208	203	209	49.9	2500	210	4994	300	0	0	0	0	2156	0.0	1.0	20.00	100.0	0.0	8.59	8.50	0.0	AP Info:[COBB AP v1.7.2 | 2022 SUBARU WRX MT | Stage 2 + 30% Ethanol]
3.830	0.00	0.00	11.82	0.0	0.0	0.0	0.0	100.0	14.5	22.10	14.71	3.33	11.50	175	1.000	0	9.5	9.5	0.00	0.00	3	0.0	15.0	59.7	0.0	0.0	95	100	198	203	197	199	50.3	2500	210	5032	300	0	0	0	0	2156	0.0	1.0	20.00	100.0	0.0	8.46	8.50	0.0	AP Info:[COBB AP v1.7.2 | 2022 SUBARU WRX MT | Stage 2 + 30% Ethanol]
3.850	0.00	0.00	12.18	0.0	0.0	0.0	0.0	100.0	14.5	22.05	14.71	3.34	11.50	175	1.000	0	9.5	9.5	0.00	0.00	3	0.0	15.0	60.3	0.0	0.0	95	100	194	195	191	210	50.7	2500	210	5070	300	0	0	0	0	2156	0.0	1.0	20.00	100.0	0.0	8.49	8.50	0.0	AP Info:[COBB AP v1.7.2 | 2022 SUBARU WRX MT | Stage 2 + 30% Ethanol]
3.872	0.00	0.00	11.91	0.0	0.0	0.0	0.0	100.0	14.5	22.00	14.71	3.36	11.50	175	1.000	0	9.5	9.5	0.00	0.00	3	0.0	15.0	60.9	0.0	0.0	95	100	202	201	201	191	51.1	2500	210	5108	300	0	0	0	0	2156	0.0	1.0	20.00	100.0	0.0	8.44	8.50	0.0	AP Info:[COBB AP v1.7.2 | 2022 SUBARU WRX MT | Stage 2 + 30% Ethanol]
3.898	0.00	0.00	11.98	0.0	0.0	0.0	0.0	100.0	14.5	21.95	14.71	3.37	11.50	175	1.000	0	9.5	9.5	0.00	0.00	3	0.0	15.0	61.5	0.0	0.0	95	100	197	193	206	190	51.5	2500	210	5146	300	0	0	0	0	2156	0.0	1.0	20.00	100.0	0.0	8.51	8.50	0.0	AP Info:[COBB AP v1.7.2 | 2022 SUBARU WRX MT | Stage 2 + 30% Ethanol]
3.918	0.00	0.00	11.96	0.0	0.0	0.0	0.0	100.0	14.5	21.90	14.71	3.38	11.50	175	1.000	0	9.5	9.5	0.00	0.00	3	0.0	15.0	62.2	0.0	0.0	95	100	190	201	200	208	51.8	2500	210	5184	300	0	0	0	0	2156	0.0	1.0	20.00	100.0	0.0	8.67	8.50	0.0	AP Info:[COBB AP v1.7.2 | 2022 SUBARU WRX MT | Stage 2 + 30% Ethanol]
3.940	0.00	0.00	12.08	0.0	0.0	0.0	0.0	100.0	14.5	21.85	14.71	3.40	11.50	175	1.000	0	9.5	9.5	0.00	0.00	3	0.0	15.0	62.8	0.0	0.0	95	100	207	208	195	196	52.2	2500	210	5222	300	0	0	0	0	2156	0.0	1.0	20.00	100.0	0.0	8.36	8.50	0.0	AP Info:[COBB AP v1.7.2 | 2022 SUBARU WRX MT | Stage 2 + 30% Ethanol]
3.966	0.00	0.00	11.82	0.0	0.0	0.0	0.0	100.0	14.5	21.80	14.71	3.41	11.50	175	1.000	0	9.5	9.5	0.00	0.00	3	0.0	15.0	63.4	0.0	0.0	95	100	195	203	201	204	52.6	2500	210	5260	300	0	0	0	0	2156	0.0	1.0	20.00	100.0	0.0	8.38	8.50	0.0	AP Info:[COBB AP v1.7.2 | 2022 SUBARU WRX MT | Stage 2 + 30% Ethanol]
3.990	0.00	0.00	11.90	0.0	0.0	0.0	0.0	100.0	14.5	21.75	14.71	3.42	11.50	175	1.000	0	9.5	9.5	0.00	0.00	3	0.0	15.0	64.0	0.0	0.0	95	100	202	197	192	190	53.0	2500	210	5298	300	0	0	0	0	2156	0.0	1.0	20.00	100.0	0.0	8.41	8.50	0.0	AP Info:[COBB AP v1.7.2 | 2022 SUBARU WRX MT | Stage 2 + 30% Ethanol]
4.012	0.00	0.00	12.09	0.0	0.0	0.0	0.0	100.0	14.5	21.70	14.71	3.44	11.50	175	1.000	0	9.5	9.5	0.00	0.00	3	0.0	15.0	64.6	0.0	0.0	95	100	208	190	202	190	53.4	2500	210	5336	300	0	0	0	0	2156	0.0	1.0	20.00	100.0	0.0	8.69	8.50	0.0	AP Info:[COBB AP v1.7.2 | 2022 SUBARU WRX MT | Stage 2 + 30% Ethanol]
4.038	0.00	0.00	12.20	0.0	0.0	0.0	0.0	100.0	14.5	21.65	14.71	3.45	11.50	175	1.000	0	9.5	9.5	0.00	0.00	3	0.0	15.0	65.3	0.0	0.0	95	100	196	198	199	208	53.7	2500	210	5374	300	0	0	0	0	2156	0.0	1.0	20.00	100.0	0.0	8.54	8.50	0.0	AP Info:[COBB AP v1.7.2 | 2022 SUBARU WRX MT | Stage 2 + 30% Ethanol]
4.064	0.00	0.00	12.15	0.0	0.0	0.0	0.0	100.0	14.5	21.60	14.71	3.46	11.50	175	1.000	0	9.5	9.5	0.00	0.00	3	0.0	15.0	65.9	0.0	0.0	95	100	202	193	204	206	54.1	2500	210	5412	300	0	0	0	0	2156	0.0	1.0	20.00	100.0	0.0	8.59	8.50	0.0	AP Info:[COBB AP v1.7.2 | 2022 SUBARU WRX MT | Stage 2 + 30% Ethanol]
4.088	0.00	0.00	12.20	0.0	0.0	0.0	0.0	100.0	14.5	21.55	14.71	3.47	11.50	175	1.000	0	9.5	9.5	0.00	0.00	3	0.0	15.0	66.5	0.0	0.0	95	100	202	196	190	192	54.5	2500	210	5450	300	0	0	0	0	2156	0.0	1.0	20.00	100.0	0.0	8.32	8.50	0.0	AP Info:[COBB AP v1.7.2 | 2022 SUBARU WRX MT | Stage 2 + 30% Ethanol]
4.108	0.00	0.00	11.83	0.0	0.0	0.0	0.0	100.0	14.5	21.50	14.71	3.49	11.50	175	1.000	0	9.5	9.5	0.00	0.00	3	0.0	15.0	67.1	0.0	0.0	95	100	207	191	201	204	54.9	2500	210	5488	300	0	0	0	0	2156	0.0	1.0	20.00	100.0	0.0	8.43	8.50	0.0	AP Info:[COBB AP v1.7.2 | 2022 SUBARU WRX MT | Stage 2 + 30% Ethanol]
4.134	0.00	0.00	12.14	0.0	0.0	0.0	0.0	100.0	14.5	21.45	14.71	3.50	11.50	175	1.000	0	9.5	9.5	0.00	0.00	3	0.0	15.0	67.7	0.0	0.0	95	100	201	208	193	205	55.3	2500	210	5526	300	0	0	0	0	2156	0.0	1.0	20.00	100.0	0.0	8.55	8.50	0.0	AP Info:[COBB AP v1.7.2 | 2022 SUBARU WRX MT | Stage 2 + 30% Ethanol]
4.154	0.00	0.00	11.89	0.0	0.0	0.0	0.0	100.0	14.5	21.40	14.71	3.51	11.50	175	1.000	0	9.5	9.5	0.00	0.00	3	0.0	15.0	68.4	0.0	0.0	95	100	191	193	194	204	55.6	2500	210	5564	300	0	0	0	0	2156	0.0	1.0	20.00	100.0	0.0	8.45	8.50	0.0	AP Info:[COBB AP v1.7.2 | 2022 SUBARU WRX MT | Stage 2 + 30% Ethanol]
4.176	0.00	0.00	12.02	0.0	0.0	0.0	0.0	100.0	14.5	21.35	14.71	3.53	11.50	175	1.000	0	9.5	9.5	0.00	0.00	3	0.0	15.0	69.0	0.0	0.0	95	100	210	192	197	209	56.0	2500	210	5602	300	0	0	0	0	2156	0.0	1.0	20.00	100.0	0.0	8.51	8.50	0.0	AP Info:[COBB AP v1.7.2 | 2022 SUBARU WRX MT | Stage 2 + 30% Ethanol]
4.200	0.00	0.00	11.96	0.0	0.0	0.0	0.0	100.0	14.5	21.30	14.71	3.54	11.50	175	1.000	0	9.5	9.5	0.00	0.00	3	0.0	15.0	69.6	0.0	0.0	95	100	199	193	206	207	56.4	2500	210	5640	300	0	0	0	0	2156	0.0	1.0	20.00	100.0	0.0	8.60	8.50	0.0	AP Info:[COBB AP v1.7.2 | 2022 SUBARU WRX MT | Stage 2 + 30% Ethanol]
4.226	0.00	0.00	11.87	0.0	0.0	0.0	0.0	100.0	14.5	21.25	14.71	3.55	11.50	175	1.000	0	9.5	9.5	0.00	0.00	3	0.0	15.0	70.2	0.0	0.0	95	100	206	197	203	208	56.8	2500	210	5678	300	0	0	0	0	2156	0.0	1.0	20.00	100.0	0.0	8.30	8.50	0.0	AP Info:[COBB AP v1.7.2 | 2022 SUBARU WRX MT | Stage 2 + 30% Ethanol]
4.250	0.00	0.00	12.05	0.0	0.0	0.0	0.0	100.0	14.5	21.20	14.71	3.57	11.50	175	1.000	0	9.5	9.5	0.00	0.00	3	0.0	15.0	70.8	0.0	0.0	95	100	191	199	190	206	57.2	2500	210	5716	300	0	0	0	0	2156	0.0	1.0	20.00	100.0	0.0	8.65	8.50	0.0	AP Info:[COBB AP v1.7.2 | 2022 SUBARU WRX MT | Stage 2 + 30% Ethanol]
4.276	0.00	0.00	12.20	0.0	0.0	0.0	0.0	100.0	14.5	21.15	14.71	3.58	11.50	175	1.000	0	9.5	9.5	0.00	0.00	3	0.0	15.0	71.5	0.0	0.0	95	100	207	201	205	209	57.5	2500	210	5754	300	0	0	0	0	2156	0.0	1.0	20.00	100.0	0.0	8.53	8.50	0.0	AP Info:[COBB AP v1.7.2 | 2022 SUBARU WRX MT | Stage 2 + 30% Ethanol]
4.302	0.00	0.00	11.97	0.0	0.0	0.0	0.0	100.0	14.5	21.10	14.71	3.59	11.50	175	1.000	0	9.5	9.5	0.00	0.00	3	0.0	15.0	72.1	0.0	0.0	95	100	199	203	190	210	57.9	2500	210	5792	300	0	0	0	0	2156	0.0	1.0	20.00	100.0	0.0	8.44	8.50	0.0	AP Info:[COBB AP v1.7.2 | 2022 SUBARU WRX MT | Stage 2 + 30% Ethanol]
4.322	0.00	0.00	12.08	0.0	0.0	0.0	0.0	100.0	14.5	21.05	14.71	3.60	11.50	175	1.000	0	9.5	9.5	0.00	0.00	3	0.0	15.0	72.7	0.0	0.0	95	100	205	197	209	207	58.3	2500	210	5830	300	0	0	0	0	2156	0.0	1.0	20.00	100.0	0.0	8.48	8.50	0.0	AP Info:[COBB AP v1.7.2 | 2022 SUBARU WRX MT | Stage 2 + 30% Ethanol]
4.346	0.00	0.00	11.89	0.0	0.0	0.0	0.0	100.0	14.5	21.00	14.71	3.62	11.50	175	1.000	0	9.5	9.5	0.00	0.00	3	0.0	15.0	73.3	0.0	0.0	95	100	204	206	199	191	58.7	2500	210	5868	300	0	0	0	0	2156	0.0	1.0	20.00	100.0	0.0	8.51	8.50	0.0	AP Info:[COBB AP v1.7.2 | 2022 SUBARU WRX MT | Stage 2 + 30% Ethanol]
4.366	0.00	0.00	11.95	0.0	0.0	0.0	0.0	100.0	14.5	20.95	14.71	3.63	11.50	175	1.000	0	9.5	9.5	0.00	0.00	3	0.0	15.0	73.9	0.0	0.0	95	100	210	194	193	198	59.1	2500	210	5906	300	0	0	0	0	2156	0.0	1.0	20.00	100.0	0.0	8.56	8.50	0.0	AP Info:[COBB AP v1.7.2 | 2022 SUBARU WRX MT | Stage 2 + 30% Ethanol]
4.392	0.00	0.00	12.18	0.0	0.0	0.0	0.0	100.0	14.5	20.90	14.71	3.64	11.50	175	1.000	0	9.5	9.5	0.00	0.00	3	0.0	15.0	74.6	0.0	0.0	95	100	192	197	208	207	59.4	2500	210	5944	300	0	0	0	0	2156	0.0	1.0	20.00	100.0	0.0	8.37	8.50	0.0	AP Info:[COBB AP v1.7.2 | 2022 SUBARU WRX MT | Stage 2 + 30% Ethanol]
4.412	0.00	0.00	12.01	0.0	0.0	0.0	0.0	100.0	14.5	20.85	14.71	3.66	11.50	175	1.000	0	9.5	9.5	0.00	0.00	3	0.0	15.0	75.2	0.0	0.0	95	100	206	207	192	198	59.8	2500	210	5982	300	0	0	0	0	2156	0.0	1.0	20.00	100.0	0.0	8.43	8.50	0.0	AP Info:[COBB AP v1.7.2 | 2022 SUBARU WRX MT | Stage 2 + 30% Ethanol]
4.438	0.00	0.00	11.85	0.0	0.0	0.0	0.0	100.0	14.5	20.80	14.71	3.67	11.50	175	1.000	0	9.5	9.5	0.00	0.00	3	0.0	15.0	75.8	0.0	0.0	95	100	207	203	194	201	60.2	2500	210	6020	300	0	0	0	0	2156	0.0	1.0	20.00	100.0	0.0	8.37	8.50	0.0	AP Info:[COBB AP v1.7.2 | 2022 SUBARU WRX MT | Stage 2 + 30% Ethanol]
4.464	0.00	0.00	12.18	0.0	0.0	0.0	0.0	100.0	14.5	20.75	14.71	3.68	11.50	175	1.000	0	9.5	9.5	0.00	0.00	3	0.0	15.0	76.4	0.0	0.0	95	100	190	192	206	197	60.6	2500	210	6058	300	0	0	0	0	2156	0.0	1.0	20.00	100.0	0.0	8.62	8.50	0.0	AP Info:[COBB AP v1.7.2 | 2022 SUBARU WRX MT | Stage 2 + 30% Ethanol]
4.490	0.00	0.00	12.04	0.0	0.0	0.0	0.0	100.0	14.5	20.70	14.71	3.70	11.50	175	1.000	0	9.5	9.5	0.00	0.00	3	0.0	15.0	77.0	0.0	0.0	95	100	209	201	209	200	61.0	2500	210	6096	300	0	0	0	0	2156	0.0	1.0	20.00	100.0	0.0	8.46	8.50	0.0	AP Info:[COBB AP v1.7.2 | 2022 SUBARU WRX MT | Stage 2 + 30% Ethanol]
4.514	0.00	0.00	11.93	0.0	0.0	0.0	0.0	100.0	14.5	20.65	14.71	3.71	11.50	175	1.000	0	9.5	9.5	0.00	0.00	3	0.0	15.0	77.7	0.0	0.0	95	100	196	197	207	192	61.3	2500	210	6134	300	0	0	0	0	2156	0.0	1.0	20.00	100.0	0.0	8.37	8.50	0.0	AP Info:[COBB AP v1.7.2 | 2022 SUBARU WRX MT | Stage 2 + 30% Ethanol]
4.536	0.00	0.00	12.13	0.0	0.0	0.0	0.0	100.0	14.5	20.60	14.71	3.72	11.50	175	1.000	0	9.5	9.5	0.00	0.00	3	0.0	15.0	78.3	0.0	0.0	95	100	195	199	201	190	61.7	2500	210	6172	300	0	0	0	0	2156	0.0	1.0	20.00	100.0	0.0	8.67	8.50	0.0	AP Info:[COBB AP v1.7.2 | 2022 SUBARU WRX MT | Stage 2 + 30% Ethanol]
4.560	0.00	0.00	12.06	0.0	0.0	0.0	0.0	100.0	14.5	20.55	14.71	3.73	11.50	175	1.000	0	9.5	9.5	0.00	0.00	3	0.0	15.0	78.9	0.0	0.0	95	100	206	198	210	200	62.1	2500	210	6210	300	0	0	0	0	2156	0.0	1.0	20.00	100.0	0.0	8.47	8.50	0.0	AP Info:[COBB AP v1.7.2 | 2022 SUBARU WRX MT | Stage 2 + 30% Ethanol]
4.580	0.00	0.00	11.91	0.0	0.0	0.0	0.0	100.0	14.5	20.50	14.71	3.75	11.50	175	1.000	0	9.5	9.5	0.00	0.00	3	0.0	15.0	79.5	0.0	0.0	95	100	193	194	203	197	62.5	2500	210	6248	300	0	0	0	0	2156	0.0	1.0	20.00	100.0	0.0	8.38	8.50	0.0	AP Info:[COBB AP v1.7.2 | 2022 SUBARU WRX MT | Stage 2 + 30% Ethanol]
4.604	0.00	0.00	12.14	0.0	0.0	0.0	0.0	100.0	14.5	20.45	14.71	3.76	11.50	175	1.000	0	9.5	9.5	0.00	0.00	3	0.0	15.0	80.1	0.0	0.0	95	100	204	193	206	192	62.9	2500	210	6286	300	0	0	0	0	2156	0.0	1.0	20.00	100.0	0.0	8.52	8.50	0.0	AP Info:[COBB AP v1.7.2 | 2022 SUBARU WRX MT | Stage 2 + 30% Ethanol]
4.624	0.00	0.00	11.99	0.0	0.0	0.0	0.0	100.0	14.5	20.40	14.71	3.77	11.50	175	1.000	0	9.5	9.5	0.00	0.00	3	0.0	15.0	80.8	0.0	0.0	95	100	210	210	196	203	63.2	2500	210	6324	300	0	0	0	0	2156	0.0	1.0	20.00	100.0	0.0	8.69	8.50	0.0	AP Info:[COBB AP v1.7.2 | 2022 SUBARU WRX MT | Stage 2 + 30% Ethanol]
4.648	0.00	0.00	12.11	0.0	0.0	0.0	0.0	100.0	14.5	20.35	14.71	3.79	11.50	175	1.000	0	9.5	9.5	0.00	0.00	3	0.0	15.0	81.4	0.0	0.0	95	100	205	209	190	194	63.6	2500	210	6362	300	0	0	0	0	2156	0.0	1.0	20.00	100.0	0.0	8.64	8.50	0.0	AP Info:[COBB AP v1.7.2 | 2022 SUBARU WRX MT | Stage 2 + 30% Ethanol]
4.674	0.00	0.00	14.71	0.0	0.0	0.0	0.0	0.0	14.5	-12.00	14.71	0.30	14.71	175	1.000	0	9.5	9.5	0.00	0.00	3	0.0	15.0	0.0	0.0	0.0	95	100	46	40	57	47	64.0	2500	210	6400	0	0	0	0	0	2156	0.0	1.0	0.00	0.0	0.0	0.00	0.00	0.0	AP Info:[COBB AP v1.7.2 | 2022 SUBARU WRX MT | Stage 2 + 30% Ethanol]
4.700	0.00	0.00	14.71	0.0	0.0	0.0	0.0	0.0	14.5	-12.00	14.71	0.30	14.71	175	1.000	0	9.5	9.5	0.00	0.00	3	0.0	15.0	0.0	0.0	0.0	95	100	57	52	57	47	62.5	2500	210	6253	0	0	0	0	0	2156	0.0	1.0	0.00	0.0	0.0	0.00	0.00	0.0	AP Info:[COBB AP v1.7.2 | 2022 SUBARU WRX MT | Stage 2 + 30% Ethanol]
4.720	0.00	0.00	14.71	0.0	0.0	0.0	0.0	0.0	14.5	-12.00	14.71	0.30	14.71	175	1.000	0	9.5	9.5	0.00	0.00	3	0.0	15.0	0.0	0.0	0.0	95	100	51	42	48	51	61.1	2500	210	6107	0	0	0	0	0	2156	0.0	1.0	0.00	0.0	0.0	0.00	0.00	0.0	AP Info:[COBB AP v1.7.2 | 2022 SUBARU WRX MT | Stage 2 + 30% Ethanol]
4.742	0.00	0.00	14.71	0.0	0.0	0.0	0.0	0.0	14.5	-12.00	14.71	0.30	14.71	175	1.000	0	9.5	9.5	0.00	0.00	3	0.0	15.0	0.0	0.0	0.0	95	100	45	40	52	50	59.6	2500	210	5960	0	0	0	0	0	2156	0.0	1.0	0.00	0.0	0.0	0.00	0.00	0.0	AP Info:[COBB AP v1.7.2 | 2022 SUBARU WRX MT | Stage 2 + 30% Ethanol]
4.762	0.00	0.00	14.71	0.0	0.0	0.0	0.0	0.0	14.5	-12.00	14.71	0.30	14.71	175	1.000	0	9.5	9.5	0.00	0.00	3	0.0	15.0	0.0	0.0	0.0	95	100	56	48	43	46	58.1	2500	210	5813	0	0	0	0	0	2156	0.0	1.0	0.00	0.0	0.0	0.00	0.00	0.0	AP Info:[COBB AP v1.7.2 | 2022 SUBARU WRX MT | Stage 2 + 30% Ethanol]
4.786	0.00	0.00	14.71	0.0	0.0	0.0	0.0	0.0	14.5	-12.00	14.71	0.30	14.71	175	1.000	0	9.5	9.5	0.00	0.00	3	0.0	15.0	0.0	0.0	0.0	95	100	52	40	59	54	56.7	2500	210	5667	0	0	0	0	0	2156	0.0	1.0	0.00	0.0	0.0	0.00	0.00	0.0	AP Info:[COBB AP v1.7.2 | 2022 SUBARU WRX MT | Stage 2 + 30% Ethanol]
4.806	0.00	0.00	14.71	0.0	0.0	0.0	0.0	0.0	14.5	-12.00	14.71	0.30	14.71	175	1.000	0	9.5	9.5	0.00	0.00	3	0.0	15.0	0.0	0.0	0.0	95	100	58	54	45	44	55.2	2500	210	5520	0	0	0	0	0	2156	0.0	1.0	0.00	0.0	0.0	0.00	0.00	0.0	AP Info:[COBB AP v1.7.2 | 2022 SUBARU WRX MT | Stage 2 + 30% Ethanol]
4.830	0.00	0.00	14.71	0.0	0.0	0.0	0.0	0.0	14.5	-12.00	14.71	0.30	14.71	175	1.000	0	9.5	9.5	0.00	0.00	3	0.0	15.0	0.0	0.0	0.0	95	100	56	53	54	47	53.7	2500	210	5373	0	0	0	0	0	2156	0.0	1.0	0.00	0.0	0.0	0.00	0.00	0.0	AP Info:[COBB AP v1.7.2 | 2022 SUBARU WRX MT | Stage 2 + 30% Ethanol]
4.850	0.00	0.00	14.71	0.0	0.0	0.0	0.0	0.0	14.5	-12.00	14.71	0.30	14.71	175	1.000	0	9.5	9.5	0.00	0.00	3	0.0	15.0	0.0	0.0	0.0	95	100	47	48	53	40	52.3	2500	210	5227	0	0	0	0	0	2156	0.0	1.0	0.00	0.0	0.0	0.00	0.00	0.0	AP Info:[COBB AP v1.7.2 | 2022 SUBARU WRX MT | Stage 2 + 30% Ethanol]
4.876	0.00	0.00	14.71	0.0	0.0	0.0	0.0	0.0	14.5	-12.00	14.71	0.30	14.71	175	1.000	0	9.5	9.5	0.00	0.00	3	0.0	15.0	0.0	0.0	0.0	95	100	42	54	55	49	50.8	2500	210	5080	0	0	0	0	0	2156	0.0	1.0	0.00	0.0	0.0	0.00	0.00	0.0	AP Info:[COBB AP v1.7.2 | 2022 SUBARU WRX MT | Stage 2 + 30% Ethanol]
4.898	0.00	0.00	14.71	0.0	0.0	0.0	0.0	0.0	14.5	-12.00	14.71	0.30	14.71	175	1.000	0	9.5	9.5	0.00	0.00	3	0.0	15.0	0.0	0.0	0.0	95	100	40	60	57	47	49.3	2500	210	4933	0	0	0	0	0	2156	0.0	1.0	0.00	0.0	0.0	0.00	0.00	0.0	AP Info:[COBB AP v1.7.2 | 2022 SUBARU WRX MT | Stage 2 + 30% Ethanol]
4.924	0.00	0.00	14.71	0.0	0.0	0.0	0.0	0.0	14.5	-12.00	14.71	0.30	14.71	175	1.000	0	9.5	9.5	0.00	0.00	3	0.0	15.0	0.0	0.0	0.0	95	100	41	51	41	47	47.9	2500	210	4787	0	0	0	0	0	2156	0.0	1.0	0.00	0.0	0.0	0.00	0.00	0.0	AP Info:[COBB AP v1.7.2 | 2022 SUBARU WRX MT | Stage 2 + 30% Ethanol]
4.946	0.00	0.00	14.71	0.0	0.0	0.0	0.0	0.0	14.5	-12.00	14.71	0.30	14.71	175	1.000	0	9.5	9.5	0.00	0.00	3	0.0	15.0	0.0	0.0	0.0	95	100	41	50	51	57	46.4	2500	210	4640	0	0	0	0	0	2156	0.0	1.0	0.00	0.0	0.0	0.00	0.00	0.0	AP Info:[COBB AP v1.7.2 | 2022 SUBARU WRX MT | Stage 2 + 30% Ethanol]
4.968	0.00	0.00	14.71	0.0	0.0	0.0	0.0	0.0	14.5	-12.00	14.71	0.30	14.71	175	1.000	0	9.5	9.5	0.00	0.00	3	0.0	15.0	0.0	0.0	0.0	95	100	58	55	48	49	44.9	2500	210	4493	0	0	0	0	0	2156	0.0	1.0	0.00	0.0	0.0	0.00	0.00	0.0	AP Info:[COBB AP v1.7.2 | 2022 SUBARU WRX MT | Stage 2 + 30% Ethanol]
4.990	0.00	0.00	14.71	0.0	0.0	0.0	0.0	0.0	14.5	-12.00	14.71	0.30	14.71	175	1.000	0	9.5	9.5	0.00	0.00	3	0.0	15.0	0.0	0.0	0.0	95	100	54	57	48	45	43.5	2500	210	4347	0	0	0	0	0	2156	0.0	1.0	0.00	0.0	0.0	0.00	0.00	0.0	AP Info:[COBB AP v1.7.2 | 2022 SUBARU WRX MT | Stage 2 + 30% Ethanol]
5.012	0.00	0.00	14.71	0.0	0.0	0.0	0.0	0.0	14.5	-12.00	14.71	0.30	14.71	175	1.000	0	9.5	9.5	0.00	0.00	3	0.0	15.0	0.0	0.0	0.0	95	100	41	58	52	42	42.0	2500	210	4200	0	0	0	0	0	2156	0.0	1.0	0.00	0.0	0.0	0.00	0.00	0.0	AP Info:[COBB AP v1.7.2 | 2022 SUBARU WRX MT | Stage 2 + 30% Ethanol]
5.036	0.00	0.00	14.71	0.0	0.0	0.0	0.0	0.0	14.5	-12.00	14.71	0.30	14.71	175	1.000	0	9.5	9.5	0.00	0.00	3	0.0	15.0	0.0	0.0	0.0	95	100	56	52	53	55	40.5	2500	210	4053	0	0	0	0	0	2156	0.0	1.0	0.00	0.0	0.0	0.00	0.00	0.0	AP Info:[COBB AP v1.7.2 | 2022 SUBARU WRX MT | Stage 2 + 30% Ethanol]
5.062	0.00	0.00	14.71	0.0	0.0	0.0	0.0	0.0	14.5	-12.00	14.71	0.30	14.71	175	1.000	0	9.5	9.5	0.00	0.00	3	0.0	15.0	0.0	0.0	0.0	95	100	55	60	43	54	39.1	2500	210	3907	0	0	0	0	0	2156	0.0	1.0	0.00	0.0	0.0	0.00	0.00	0.0	AP Info:[COBB AP v1.7.2 | 2022 SUBARU WRX MT | Stage 2 + 30% Ethanol]
5.082	0.00	0.00	14.71	0.0	0.0	0.0	0.0	0.0	14.5	-12.00	14.71	0.30	14.71	175	1.000	0	9.5	9.5	0.00	0.00	3	0.0	15.0	0.0	0.0	0.0	95	100	40	48	53	44	37.6	2500	210	3760	0	0	0	0	0	2156	0.0	1.0	0.00	0.0	0.0	0.00	0.00	0.0	AP Info:[COBB AP v1.7.2 | 2022 SUBARU WRX MT | Stage 2 + 30% Ethanol]
5.104	0.00	0.00	14.71	0.0	0.0	0.0	0.0	0.0	14.5	-12.00	14.71	0.30	14.71	175	1.000	0	9.5	9.5	0.00	0.00	3	0.0	15.0	0.0	0.0	0.0	95	100	40	43	46	42	36.1	2500	210	3613	0	0	0	0	0	2156	0.0	1.0	0.00	0.0	0.0	0.00	0.00	0.0	AP Info:[COBB AP v1.7.2 | 2022 SUBARU WRX MT | Stage 2 + 30% Ethanol]
5.124	0.00	0.00	14.71	0.0	0.0	0.0	0.0	0.0	14.5	-12.00	14.71	0.30	14.71	175	1.000	0	9.5	9.5	0.00	0.00	3	0.0	15.0	0.0	0.0	0.0	95	100	48	49	55	51	34.7	2500	210	3467	0	0	0	0	0	2156	0.0	1.0	0.00	0.0	0.0	0.00	0.00	0.0	AP Info:[COBB AP v1.7.2 | 2022 SUBARU WRX MT | Stage 2 + 30% Ethanol]
5.148	0.00	0.00	14.71	0.0	0.0	0.0	0.0	0.0	14.5	-12.00	14.71	0.30	14.71	175	1.000	0	9.5	9.5	0.00	0.00	3	0.0	15.0	0.0	0.0	0.0	95	100	44	40	48	42	33.2	2500	210	3320	0	0	0	0	0	2156	0.0	1.0	0.00	0.0	0.0	0.00	0.00	0.0	AP Info:[COBB AP v1.7.2 | 2022 SUBARU WRX MT | Stage 2 + 30% Ethanol]
5.174	0.00	0.00	14.71	0.0	0.0	0.0	0.0	0.0	14.5	-12.00	14.71	0.30	14.71	175	1.000	0	9.5	9.5	0.00	0.00	3	0.0	15.0	0.0	0.0	0.0	95	100	43	57	47	53	31.7	2500	210	3173	0	0	0	0	0	2156	0.0	1.0	0.00	0.0	0.0	0.00	0.00	0.0	AP Info:[COBB AP v1.7.2 | 2022 SUBARU WRX MT | Stage 2 + 30% Ethanol]
5.200	0.00	0.00	14.71	0.0	0.0	0.0	0.0	0.0	14.5	-12.00	14.71	0.30	14.71	175	1.000	0	9.5	9.5	0.00	0.00	3	0.0	15.0	0.0	0.0	0.0	95	100	60	51	54	42	30.3	2500	210	3027	0	0	0	0	0	2156	0.0	1.0	0.00	0.0	0.0	0.00	0.00	0.0	AP Info:[COBB AP v1.7.2 | 2022 SUBARU WRX MT | Stage 2 + 30% Ethanol]
5.220	0.00	0.00	14.71	0.0	0.0	0.0	0.0	0.0	14.5	-12.00	14.71	0.30	14.71	175	1.000	0	9.5	9.5	0.00	0.00	3	0.0	15.0	0.0	0.0	0.0	95	100	41	59	55	52	28.8	2500	210	2880	0	0	0	0	0	2156	0.0	1.0	0.00	0.0	0.0	0.00	0.00	0.0	AP Info:[COBB AP v1.7.2 | 2022 SUBARU WRX MT | Stage 2 + 30% Ethanol]
5.244	0.00	0.00	14.71	0.0	0.0	0.0	0.0	0.0	14.5	-12.00	14.71	0.30	14.71	175	1.000	0	9.5	9.5	0.00	0.00	3	0.0	15.0	0.0	0.0	0.0	95	100	44	59	53	42	27.3	2500	210	2733	0	0	0	0	0	2156	0.0	1.0	0.00	0.0	0.0	0.00	0.00	0.0	AP Info:[COBB AP v1.7.2 | 2022 SUBARU WRX MT | Stage 2 + 30% Ethanol]
5.268	0.00	0.00	14.71	0.0	0.0	0.0	0.0	0.0	14.5	-12.00	14.71	0.30	14.71	175	1.000	0	9.5	9.5	0.00	0.00	3	0.0	15.0	0.0	0.0	0.0	95	100	60	40	57	59	25.9	2500	210	2587	0	0	0	0	0	2156	0.0	1.0	0.00	0.0	0.0	0.00	0.00	0.0	AP Info:[COBB AP v1.7.2 | 2022 SUBARU WRX MT | Stage 2 + 30% Ethanol]
5.288	0.00	0.00	14.71	0.0	0.0	0.0	0.0	0.0	14.5	-12.00	14.71	0.30	14.71	175	1.000	0	9.5	9.5	0.00	0.00	3	0.0	15.0	0.0	0.0	0.0	95	100	56	46	49	47	24.4	2500	210	2440	0	0	0	0	0	2156	0.0	1.0	0.00	0.0	0.0	0.00	0.00	0.0	AP Info:[COBB AP v1.7.2 | 2022 SUBARU WRX MT | Stage 2 + 30% Ethanol]
5.310	0.00	0.00	14.71	0.0	0.0	0.0	0.0	0.0	14.5	-12.00	14.71	0.30	14.71	175	1.000	0	9.5	9.5	0.00	0.00	3	0.0	15.0	0.0	0.0	0.0	95	100	43	42	50	58	22.9	2500	210	2293	0	0	0	0	0	2156	0.0	1.0	0.00	0.0	0.0	0.00	0.00	0.0	AP Info:[COBB AP v1.7.2 | 2022 SUBARU WRX MT | Stage 2 + 30% Ethanol]
5.330	0.00	0.00	14.71	0.0	0.0	0.0	0.0	0.0	14.5	-12.00	14.71	0.30	14.71	175	1.000	0	9.5	9.5	0.00	0.00	3	0.0	15.0	0.0	0.0	0.0	95	100	48	50	47	41	21.5	2500	210	2147	0	0	0	0	0	2156	0.0	1.0	0.00	0.0	0.0	0.00	0.00	0.0	AP Info:[COBB AP v1.7.2 | 2022 SUBARU WRX MT | Stage 2 + 30% Ethanol]
